Sentence,Sentiment,Category,sentiment_label,category_label
Car charger as well as AC charger are included to make sure you never run out of juice.Highy recommended,Positive,Positive Sentiment,1,1
"It holds a charge for a long time, is reasonably comfortable under long-wearing conditions and the quality of sound is tremendous.",Positive,Positive Sentiment,1,1
Pretty piece of junk.,Negative,Negative Sentiment,0,2
I recommend iGo to anyone with different brand cell phones/mp3 players in the family.,Positive,Positive Sentiment,1,1
"jabra ear gels ""R"" the best!.",Positive,Positive Sentiment,1,1
"useless phone, simply deaf.",Negative,Negative Sentiment,0,2
They do not care about the consumer one bit.,Negative,Negative Sentiment,0,2
The file browser offers all the options that one needs.Handsfree is great.,Positive,Positive Sentiment,1,1
Everything worked on the first try.The device was certainly engineered in a clever way and the construction feels good.,Positive,Positive Sentiment,1,1
Returned 8 hours later.,Negative,Purchase or Value Concerns,0,3
"I posted more detailed comments under the grey or black phone, but i have the Fire Red and it's a great color!",Positive,Positive Sentiment,1,1
Very unreliable service from T-mobile !,Negative,Negative Sentiment,0,2
Very satisifed with that.,Positive,Positive Sentiment,1,1
I bought this to use with my Kindle Fire and absolutely loved it!,Positive,Positive Sentiment,1,1
Logitech Bluetooth Headset is a 10!.,Positive,Positive Sentiment,1,1
"If you like a loud buzzing to override all your conversations, then this phone is for you!",Negative,Negative Sentiment,0,2
"i'm glad i found this product on amazon it is hard to find, it wasn't high priced.",Positive,Positive Sentiment,1,1
This is by far the worst purchase I've made on Amazon.,Negative,Purchase or Value Concerns,0,3
The headset fulfills my requirements so I am happy with my purchase.,Positive,Positive Sentiment,1,1
It's very convenient and simple to use - gets job done & makes the car ride so much smoother.,Positive,Positive Sentiment,1,1
"It plays louder than any other speaker of this size; the price is so low that most would think the quality is lacking, however, it's not.",Positive,Positive Sentiment,1,1
I would have given no star if I was able.,Negative,Negative Sentiment,0,2
Its well-designed and very sharp -- the blue is a very nice color.,Positive,Positive Sentiment,1,1
"The loudspeaker option is great, the bumpers with the lights is very ... appealing.",Negative,Negative Sentiment,0,2
its a little geeky but i think thats its sex on toast and it rocks and oozes sex right down to its battery embedded sleek stylish leather case.,Positive,Positive Sentiment,1,1
"After my phone got to be about a year old, it's been slowly breaking despite much care on my part.",Negative,Negative Sentiment,0,2
Freezes frequently4.,Negative,Negative Sentiment,0,2
Great Hands Free Device.,Positive,Positive Sentiment,1,1
My 5-year old Nokia 2160 from Tracfone holds the charge a lot better than this.,Negative,Technical Issues,0,0
"The biggest complaint I have is, the battery drains superfast.",Negative,Technical Issues,0,0
The update procedure is difficult and cumbersome.,Negative,Negative Sentiment,0,2
I love the ringtones because they are so upbeat!,Positive,Positive Sentiment,1,1
It was that loud.Glad to say that the Plantronics 510 maintains a flawless connection to my cell and with no static during normal use.,Positive,Positive Sentiment,1,1
Better Than New.,Positive,Positive Sentiment,1,1
Works like a charm; it work the same as the one I got with the phone.,Positive,Positive Sentiment,1,1
Excellent wallet type phone case.,Positive,Positive Sentiment,1,1
Perfect for the PS3.,Positive,Positive Sentiment,1,1
"It quit working after I'd used it for about 18 months, so I just purchased another one because this is the best headset I've ever owned.",Positive,Positive Sentiment,1,1
"The screen size is big, key pad lit well enough, and the camera quality is excellent for a camera phone.",Positive,Positive Sentiment,1,1
Made very sturdy.,Positive,Positive Sentiment,1,1
"Not only did the software do a great job of this, I could also make my own ringtones form my existing CDs without an internet connection.",Positive,Positive Sentiment,1,1
Their Research and Development division obviously knows what they're doing.,Positive,Positive Sentiment,1,1
"Just really good.. So far, probably the best BT headset I have ever had.",Positive,Positive Sentiment,1,1
They keep getting better and better (this is my third one and I've had numerous Palms too).,Positive,Positive Sentiment,1,1
fast service.,Positive,Positive Sentiment,1,1
"Finally, after three or four times the spring of the latch broke and I could not use it any longer on the visor.",Negative,Negative Sentiment,0,2
I've had this bluetoooth headset for some time now and still not comfortable with the way it fits on the ear.,Negative,Negative Sentiment,0,2
It clicks into place in a way that makes you wonder how long that mechanism would last.,Negative,Negative Sentiment,0,2
So Far So Good!.,Positive,Positive Sentiment,1,1
You have to hold the phone at a particular angle for the other party to hear you clearly.,Negative,Negative Sentiment,0,2
I ordered this for sony Ericsson W810i but I think it only worked once (thats when I first used it).,Negative,Negative Sentiment,0,2
This frog phone charm is adorable and very eye catching.,Positive,Positive Sentiment,1,1
Just what I wanted.,Positive,Positive Sentiment,1,1
The instructions didn't explain that a microphone jack could be used.,Negative,Negative Sentiment,0,2
The voice recognition thru the handset is excellent.,Positive,Positive Sentiment,1,1
There's a horrible tick sound in the background on all my calls that I have never experienced before.,Negative,Technical Issues,0,0
I love this device.,Positive,Positive Sentiment,1,1
A Disappointment.,Negative,Negative Sentiment,0,2
I purcashed this for the car charger and it does not work.,Negative,Technical Issues,0,0
WORTHWHILE.,Positive,Positive Sentiment,1,1
"The handsfree part works fine, but then the car tries to download the address book, and the Treo reboots.Overall, I still rate this device high.",Positive,Positive Sentiment,1,1
Great product and price.,Positive,Positive Sentiment,1,1
I find this inexcusable and so will probably be returning this phone and perhaps changing carriers.,Negative,Purchase or Value Concerns,0,3
Customer service was terrible.,Negative,Negative Sentiment,0,2
Very disappointing.,Negative,Negative Sentiment,0,2
Worth every penny.,Positive,Positive Sentiment,1,1
This is a great phone!.,Positive,Positive Sentiment,1,1
"Horrible, horrible protector.",Negative,Negative Sentiment,0,2
"Plus, I seriously do not believe it is worth its steep price point.",Negative,Purchase or Value Concerns,0,3
The design is very good.4.,Positive,Positive Sentiment,1,1
No real improvement.,Negative,Negative Sentiment,0,2
Love it.. Great armband.,Positive,Positive Sentiment,1,1
It definitely was not as good as my S11.,Positive,Positive Sentiment,1,1
The accompanied software is almost brilliant.,Positive,Positive Sentiment,1,1
I wasted my little money with this earpiece.,Negative,Purchase or Value Concerns,0,3
"It's fits like a glove and is strong, secure, and durable.",Positive,Positive Sentiment,1,1
It dit not work most of the time with my Nokia 5320.,Negative,Technical Issues,0,0
Sprint charges for this service.,Negative,Technical Issues,0,0
"I'll be drivng along, and my headset starts ringing for no reason.",Negative,Negative Sentiment,0,2
"I have a Verizon LG phone and they work well together, good reception and range that exceeds 20 feet line of sight.",Positive,Positive Sentiment,1,1
"It is well made, easy to access the phone and has a handy, detachable belt clip.",Positive,Positive Sentiment,1,1
"I might have gotten a defect, but I would not risk buying it again because of the built quality alone.",Negative,Purchase or Value Concerns,0,3
the worst phone from samsung...crap..... this crappy Samsung E715.. is the worst i have ever seeen.,Negative,Negative Sentiment,0,2
Unfortunately it did not work.,Negative,Technical Issues,0,0
Better than expected.,Positive,Positive Sentiment,1,1
"Works great, when my cat attacked the phone he scratched the protective strip instead of destroying the screen.",Positive,Positive Sentiment,1,1
Works fine.,Positive,Positive Sentiment,1,1
T-Mobile has the best customer service anywhere.,Positive,Positive Sentiment,1,1
cool phone.,Positive,Positive Sentiment,1,1
This phone works great.,Positive,Positive Sentiment,1,1
$50 Down the drain.,Negative,Negative Sentiment,0,2
"That's a huge design flaw (unless I'm not using it correctly, which I don't think is the case).",Negative,Negative Sentiment,0,2
i got this phone around the end of may and i'm completely unhappy with it.,Negative,Negative Sentiment,0,2
I had to go to a store and bought a new NOKIA phone which is working great.,Positive,Positive Sentiment,1,1
"The microphone also works well, but (according to people I have called) it applifies everything.",Positive,Positive Sentiment,1,1
Excellent!.,Positive,Positive Sentiment,1,1
I'm pleased.,Positive,Positive Sentiment,1,1
"Good product, good seller.",Positive,Positive Sentiment,1,1
I had absolutely no problem with this headset linking to my 8530 Blackberry Curve!,Positive,Positive Sentiment,1,1
This product is great... it makes working a lot easier I can go to the copier while waiting on hold for something.,Positive,Positive Sentiment,1,1
Plug was the wrong size.,Negative,Technical Issues,0,0
"you can even take self portraits with the outside (exterior) display, very cool.",Positive,Positive Sentiment,1,1
Krussel Always good.,Positive,Positive Sentiment,1,1
This particular model would not work with my Motorola Q smartphone.,Negative,Technical Issues,0,0
Timely shipment and quality product.,Positive,Positive Sentiment,1,1
You also cannot take pictures with it in the case because the lense is covered.,Negative,Negative Sentiment,0,2
"Perhaps my phone is defective, but people cannot hear me when I use this.",Negative,Negative Sentiment,0,2
poor voice clarity.,Negative,Negative Sentiment,0,2
"very good product, well made.",Positive,Positive Sentiment,1,1
I had Verizon 2 years ago and really liked their service.,Positive,Positive Sentiment,1,1
best bluetooth on the market.,Positive,Positive Sentiment,1,1
This is a great product..... sure beats using your fingers!.,Positive,Positive Sentiment,1,1
im surprised this is a good quality car charger and there's not much reviews about it.,Positive,Positive Sentiment,1,1
"I searched the Internet, and found this one to be the best value.",Positive,Positive Sentiment,1,1
Also makes it easier to hold on to.,Positive,Positive Sentiment,1,1
So I basically threw my money out the window for nothing.,Negative,Purchase or Value Concerns,0,3
Appears to actually outperform the original battery from China that came with my V325i.,Positive,Positive Sentiment,1,1
"Great it was new packaged nice works good, no problems and it came in less time then I expected!!!!",Positive,Positive Sentiment,1,1
Poor Reliability.,Negative,Negative Sentiment,0,2
Great Product.,Positive,Positive Sentiment,1,1
It doesn't work in Europe or Asia.,Negative,Technical Issues,0,0
Case was more or less an extra that I originally put on but later discarded because it scratched my ear.,Negative,Negative Sentiment,0,2
"The ""1.2"" mega pixel camera, being a part of a phone, is reasonably good7.",Positive,Positive Sentiment,1,1
You never know if you pushed it hard enough or the right number of times for the function you want or not.,Negative,Negative Sentiment,0,2
"For a product that costs as much as this one does, I expect it to work far better and with greater ease than this thing does.",Negative,Purchase or Value Concerns,0,3
NOT WHAT I WANTED.,Negative,Negative Sentiment,0,2
I found the product to be easy to set up and use.,Positive,Positive Sentiment,1,1
It's been my choice headset for years.Great sound; good volume; good noise cancellation.,Positive,Positive Sentiment,1,1
This phone is pretty sturdy and I've never had any large problems with it.,Positive,Positive Sentiment,1,1
This is hands down the best phone I've ever had.,Positive,Positive Sentiment,1,1
"very clear, quality sound and you don't have to mess with the sound on your iPod since you have the sound buttons on the headset.",Positive,Positive Sentiment,1,1
Iam very pleased with my purchase.,Positive,Positive Sentiment,1,1
Excellent sound quality.,Positive,Positive Sentiment,1,1
"While I managed to bend the leaf spring back in place, the metal now has enough stress that it will break on the next drop.",Negative,Negative Sentiment,0,2
The phone loads super!,Positive,Positive Sentiment,1,1
Authentic leather with nice shine and comfort .I recommend you this case !!,Positive,Positive Sentiment,1,1
Happy so far!.,Positive,Positive Sentiment,1,1
Price is good too.,Positive,Positive Sentiment,1,1
Don't make the same mistake that I did and please don't buy this phone.,Negative,Purchase or Value Concerns,0,3
i would advise to not purchase this item it never worked very well.,Negative,Purchase or Value Concerns,0,3
I like design and look of Jabra behing the ear headsets and 5020 is pretty comfortible to wear 24 hours a day without pain in the ear.,Positive,Positive Sentiment,1,1
I purchased this and within 2 days it was no longer working!!!!!!!!!,Negative,Purchase or Value Concerns,0,3
I'm returning them.,Negative,Purchase or Value Concerns,0,3
"I have purchased these for both family and friends, and all enjoy their clarity and ease of use",Positive,Positive Sentiment,1,1
I was very impressed with the price of the cases.,Positive,Positive Sentiment,1,1
Thanks again to Amazon for having the things I need for a good price!,Positive,Positive Sentiment,1,1
"I have used several phone in two years, but this one is the best.",Positive,Positive Sentiment,1,1
So far it has worked like a charm.,Positive,Positive Sentiment,1,1
Bad Quality.,Negative,Negative Sentiment,0,2
"But, in any case, the best part is, you can download these pictures to your laptop using IR, or even send pictures from your laptop to the phone.",Positive,Positive Sentiment,1,1
Works as described.,Positive,Positive Sentiment,1,1
Also the area where my unit broke).- I'm not too fond of the magnetic strap.,Negative,Negative Sentiment,0,2
the only VERY DISAPPOINTING thing was there was NO SPEAKERPHONE!!!!,Negative,Negative Sentiment,0,2
Save your money.... I've had this item for 11 months now.,Negative,Purchase or Value Concerns,0,3
BT50 battery junk!.,Negative,Technical Issues,0,0
in addition it feels &amp; looks as if the phone is all lightweight cheap plastic.,Negative,Negative Sentiment,0,2
"I was sitting in my vehicle, with the cradle on my belt, and the headset lost signal.",Negative,Negative Sentiment,0,2
I've owned this phone for 7 months now and can say that it's the best mobile phone I've had.,Positive,Positive Sentiment,1,1
Awkward to use and unreliable.,Negative,Negative Sentiment,0,2
It has kept up very well.,Positive,Positive Sentiment,1,1
These products cover up the important light sensor above the ear outlet.,Negative,Negative Sentiment,0,2
Great bluetooth!.,Positive,Positive Sentiment,1,1
Poor Talk Time Performance.,Negative,Negative Sentiment,0,2
For the price this was a great deal.,Positive,Positive Sentiment,1,1
"Saggy, floppy piece of junk.",Negative,Negative Sentiment,0,2
This is the first phone I've had that has been so cheaply made.,Negative,Negative Sentiment,0,2
Same problem as others have mentioned.,Negative,Technical Issues,0,0
In my house I was getting dropped coverage upstairs and no coverage in my basement.,Negative,Negative Sentiment,0,2
I used to talk on it for 1 - 1 1/2 hours and the battery would be literally drained and dying.,Negative,Technical Issues,0,0
Bad Purchase.,Negative,Purchase or Value Concerns,0,3
A pretty good product.,Positive,Positive Sentiment,1,1
It's a great item.,Positive,Positive Sentiment,1,1
Don't buy this product - It fails!.,Negative,Technical Issues,0,0
(It works!),Positive,Positive Sentiment,1,1
This is so embarassing and also my ears hurt if I try to push the ear plug into my ear.,Negative,Technical Issues,0,0
Due to this happening on every call I was forced to stop using this headset.,Negative,Negative Sentiment,0,2
I usually don't like headbands but this one is very lightweight & doesn't mess up my hair.,Positive,Positive Sentiment,1,1
"Best of all is the rotating feature, very helpful.",Positive,Positive Sentiment,1,1
Now I know that I made a wise decision.,Positive,Positive Sentiment,1,1
"The range is very decent, I've been able to roam around my house with the phone in the living room with no reception/sound quality issues.",Positive,Positive Sentiment,1,1
This case seems well made.,Positive,Positive Sentiment,1,1
It feels more comfortable than most headsets because I wear glasses and that gets in the way sometimes.,Positive,Positive Sentiment,1,1
I can't use this case because the smell is disgusting.,Negative,Negative Sentiment,0,2
Gets the job done.,Positive,Positive Sentiment,1,1
This is a great little item.,Positive,Positive Sentiment,1,1
Chinese Forgeries Abound!.,Negative,Negative Sentiment,0,2
You'll love how thin it is.,Positive,Positive Sentiment,1,1
The volume switch rocketed out of the unit to a destination unknown.,Negative,Technical Issues,0,0
Doesn't do the job.,Negative,Technical Issues,0,0
Waste of money.,Negative,Purchase or Value Concerns,0,3
Worked perfectly!,Positive,Positive Sentiment,1,1
!I definitly recommend!!,Positive,Positive Sentiment,1,1
"The calls drop, the phone comes on and off at will, the screen goes black and the worst of all it stops ringing intermittently.",Negative,Negative Sentiment,0,2
Excellent bluetooth headset.,Positive,Positive Sentiment,1,1
Disappointing accessory from a good manufacturer.,Negative,Negative Sentiment,0,2
"I love the camera, it's really pretty good quality.",Positive,Positive Sentiment,1,1
none of the new ones have ever quite worked properly.,Negative,Negative Sentiment,0,2
Do not make the same mistake as me.,Negative,Negative Sentiment,0,2
Stay Away From the Q!.,Negative,Negative Sentiment,0,2
The iGo chargers and tips are really great.,Positive,Positive Sentiment,1,1
"Performed awful -- muffled, tinny incoming sound and severe echo for those on the other end of the call.",Negative,Technical Issues,0,0
This company charge me a restocking fee and still not given me my refund back.,Negative,Technical Issues,0,0
Not as good as I had hoped.,Negative,Negative Sentiment,0,2
VERY comfortable.,Positive,Positive Sentiment,1,1
Buyer--Be Very Careful!!!!!.,Negative,Purchase or Value Concerns,0,3
Don't waste your $$$ on this one.,Negative,Purchase or Value Concerns,0,3
Piece of Junk.,Negative,Negative Sentiment,0,2
"Steer clear of this product and go with the genuine Palm replacementr pens, which come in a three-pack.",Negative,Negative Sentiment,0,2
Buttons are too small.,Negative,Negative Sentiment,0,2
Used and dirty.,Negative,Negative Sentiment,0,2
Kind of flops around.,Negative,Negative Sentiment,0,2
This is a great deal.,Positive,Positive Sentiment,1,1
"Nice case, feels good in your hands.",Positive,Positive Sentiment,1,1
But it does get better reception and clarity than any phone I've had before.,Positive,Positive Sentiment,1,1
DO NOT BUY DO NOT BUYIT SUCKS,Negative,Purchase or Value Concerns,0,3
The battery runs down quickly.,Negative,Technical Issues,0,0
I'll be looking for a new earpiece.,Negative,Negative Sentiment,0,2
Battery is terrible.,Negative,Technical Issues,0,0
"I put the latest OS on it (v1.15g), and it now likes to slow to a crawl and lock up every once in a while.",Negative,Negative Sentiment,0,2
Linksys should have some way to exchange a bad phone for a refurb unit or something!,Negative,Negative Sentiment,0,2
"This is a good battery, and it got here really fast.",Positive,Positive Sentiment,1,1
It didn't charge for me.,Negative,Technical Issues,0,0
Battery is holding up well.,Positive,Positive Sentiment,1,1
Better than you'd expect.,Positive,Positive Sentiment,1,1
Would recommend this item.,Positive,Positive Sentiment,1,1
SWEETEST PHONE!!!,Positive,Positive Sentiment,1,1
Echo Problem....Very unsatisfactory,Negative,Technical Issues,0,0
The only thing that I think could improve is the sound leaks out from the headset.,Negative,Technical Issues,0,0
"This case has passed the one year mark and while it shows signs of wear, it is 100% functional.",Positive,Positive Sentiment,1,1
Rip off---- Over charge shipping.,Negative,Technical Issues,0,0
"There was so much hype over this phone that I assumed it was the best, my mistake.",Negative,Negative Sentiment,0,2
Excellent hands free tool.,Positive,Positive Sentiment,1,1
I bought these hoping I could make my Bluetooth headset fit better but these things made it impossible to wear.,Negative,Negative Sentiment,0,2
Who in their right mind is gonna buy this battery?.,Negative,Technical Issues,0,0
"I really wanted the Plantronics 510 to be the right one, but it has too many issues for me.The good",Negative,Technical Issues,0,0
Never got it!!!!!,Negative,Negative Sentiment,0,2
The only good thing was that it fits comfortably on small ears.,Positive,Positive Sentiment,1,1
Yet Plantronincs continues to use the same flawed charger design.,Negative,Technical Issues,0,0
"It works fine on my Motorola 325 cellphone, and a lot better than the worn-out battery did.",Positive,Positive Sentiment,1,1
"Even in my BMW 3 series which is fairly quiet, I have trouble hearing what the other person is saying.",Negative,Negative Sentiment,0,2
AFter the first charge kept going dead after 12 minutes.,Negative,Technical Issues,0,0
Bad Choice.,Negative,Negative Sentiment,0,2
Nice headset priced right.,Positive,Positive Sentiment,1,1
Motorola finally got the voice quality of a bluetooth headset right.,Positive,Positive Sentiment,1,1
Poor quality.,Negative,Negative Sentiment,0,2
"As many people complained, I found this headset's microphone was very weak.",Negative,Negative Sentiment,0,2
This does not fit the Palm Tungsten E2 and it broke the first time I tried to plug it in.,Negative,Technical Issues,0,0
Not good when wearing a hat or sunglasses.,Negative,Negative Sentiment,0,2
"This is a simple little phone to use, but the breakage is unacceptible.",Negative,Negative Sentiment,0,2
Battery life still not long enough in Motorola Razor V3i.,Negative,Technical Issues,0,0
"The real killer is the volume, and of course it breaking.",Negative,Technical Issues,0,0
Oh and I forgot to also mention the weird color effect it has on your phone.,Negative,Negative Sentiment,0,2
"If you like a loud buzzing to override all your conversations, then this phone is for you!",Negative,Negative Sentiment,0,2
"Also, the phone doesn't seem to accept anything except CBR mp3s, preferably ripped by Windows Media Player.",Negative,Technical Issues,0,0
Buy a different phone - but not this.,Negative,Purchase or Value Concerns,0,3
The sound quality is excellent as well.,Positive,Positive Sentiment,1,1
I would not recommend this item to anyone.,Negative,Negative Sentiment,0,2
The nokia CA-42 USB cable did not work with my phone.,Negative,Technical Issues,0,0
I don't like this Nokia either.,Negative,Negative Sentiment,0,2
Lousy product.,Negative,Negative Sentiment,0,2
"I have 2-3 bars on my cell phone when I am home, but you cant not hear anything.",Negative,Negative Sentiment,0,2
lightweight and works well.,Positive,Positive Sentiment,1,1
1. long lasting battery (you don't have to recharge it as frequentyly as some of the flip phones)2.,Negative,Technical Issues,0,0
Good price.,Positive,Positive Sentiment,1,1
None of the three sizes they sent with the headset would stay in my ears.,Negative,Negative Sentiment,0,2
It's kind of embarrassing to use because of how it looks and mostly it's embarrassing how child-like the company is.,Negative,Negative Sentiment,0,2
"This product is clearly not ready for prime time, I don't care how cool it looks, if you can't tell a call is coming in it's worthless.",Negative,Negative Sentiment,0,2
Improper description.... I had to return it.,Negative,Purchase or Value Concerns,0,3
"bad fit, way too big.",Negative,Negative Sentiment,0,2
"VERY cheap plastic, creaks like an old wooden floor.",Negative,Negative Sentiment,0,2
Defective crap.,Negative,Negative Sentiment,0,2
"I've had no trouble accessing the Internet, downloading ringtones or performing any of the functions.",Positive,Positive Sentiment,1,1
What a waste.,Negative,Purchase or Value Concerns,0,3
If the two were seperated by a mere 5+ ft I started to notice excessive static and garbled sound from the headset.,Negative,Technical Issues,0,0
"I've only had my bluetooth for a few weeks, but I really like it.",Positive,Positive Sentiment,1,1
"Sounds good reasonably priced and effective, Its that simple !",Positive,Positive Sentiment,1,1
Not impressed.,Negative,Negative Sentiment,0,2
The text messaging feature is really tricky to use.,Negative,Negative Sentiment,0,2
The ear buds only play music in one ear.,Negative,Negative Sentiment,0,2
An Awesome New Look For Fall 2000!.,Positive,Positive Sentiment,1,1
Very well made and fits my Surefire GX2 perfectly.,Positive,Positive Sentiment,1,1
It does everything the description said it would.,Positive,Positive Sentiment,1,1
Good transmit audio.,Positive,Positive Sentiment,1,1
Very good quality though,Positive,Positive Sentiment,1,1
Its not user friendly.,Negative,Negative Sentiment,0,2
"However-the riingtones are not the best, and neither are the games.",Negative,Negative Sentiment,0,2
"The mic there is a joke, and the volume is quite low.",Negative,Technical Issues,0,0
Were JERKS on the phone.,Negative,Negative Sentiment,0,2
Doesn't Work.,Negative,Technical Issues,0,0
you could only take 2 videos at a time and the quality was very poor.,Negative,Negative Sentiment,0,2
It was a great phone.,Positive,Positive Sentiment,1,1
Magical Help.,Positive,Positive Sentiment,1,1
Comfort for our whole family.,Positive,Positive Sentiment,1,1
Keep up the good work Amazon!!,Positive,Positive Sentiment,1,1
Only had this a month but it's worked flawlessly so far.,Positive,Positive Sentiment,1,1
Think it over when you plan to own this one!This sure is the last MOTO phone for me!,Negative,Negative Sentiment,0,2
Lasted one day and then blew up.,Negative,Negative Sentiment,0,2
THAT one didn't work either.,Negative,Negative Sentiment,0,2
"Nice quality build, unlike some cheap s*** out there.",Positive,Positive Sentiment,1,1
Much less than the jawbone I was going to replace it with.,Positive,Positive Sentiment,1,1
Don't bother - go to the store.,Negative,Negative Sentiment,0,2
its extremely slow and takes forever to do anything with it.,Negative,Negative Sentiment,0,2
"Other than that, the leather is nice and soft; the fit is very tight; the cut out for the face is a good shape.",Positive,Positive Sentiment,1,1
I am also very happy with the price.,Positive,Positive Sentiment,1,1
You need at least 3 mins to get to your phone book from the time you first turn on the phone.Battery life is short.,Negative,Technical Issues,0,0
Don't buy this product.,Negative,Purchase or Value Concerns,0,3
[...] down the drain because of a weak snap!,Negative,Negative Sentiment,0,2
The phone takes FOREVER to charge like 2 to 5 hours literally.,Negative,Technical Issues,0,0
"Terrible product, and waste of money!",Negative,Purchase or Value Concerns,0,3
"Excellent product, I am very satisfied with the purchase.",Positive,Positive Sentiment,1,1
I love this phone!.,Positive,Positive Sentiment,1,1
I bought two of them and neither will charge.,Negative,Technical Issues,0,0
A good quality bargain.. I bought this after I bought a cheapy from Big Lots that sounded awful and people on the other end couldn't hear me.,Positive,Positive Sentiment,1,1
clipping this to your belt will deffinitely make you feel like 50 cent's up-and-coming.,Positive,Positive Sentiment,1,1
After trying many many handsfree gadgets this is the one that finally works well.,Positive,Positive Sentiment,1,1
"good item, low price.",Positive,Positive Sentiment,1,1
New Battery works great in phone.,Positive,Positive Sentiment,1,1
"The design is very odd, as the ear ""clip"" is not very comfortable at all.",Negative,Negative Sentiment,0,2
The best electronics of the available FM Transmitters.,Positive,Positive Sentiment,1,1
The worst piece of crap ever along with the Verizon customer service.,Negative,Negative Sentiment,0,2
"every thing on phone work perfectly, she like it.",Positive,Positive Sentiment,1,1
Works great.,Positive,Positive Sentiment,1,1
It's very attractive and appears to be of good quality.,Positive,Positive Sentiment,1,1
It has all the features I want,Positive,Positive Sentiment,1,1
The picture resolution is far below what other comparably-priced phones are offering today.,Negative,Purchase or Value Concerns,0,3
Battery life is also great!,Positive,Positive Sentiment,1,1
)Setup couldn't have been simpler.,Positive,Positive Sentiment,1,1
"I love my 350 headset.. My Jabra350 bluetooth headset is great, the reception is very good and the ear piece is a comfortable fit.",Positive,Positive Sentiment,1,1
Worst Customer Service Ever.,Negative,Negative Sentiment,0,2
I bought it for my mother and she had a problem with the battery.,Negative,Technical Issues,0,0
The mic is great.,Positive,Positive Sentiment,1,1
Disappointed with battery.,Negative,Technical Issues,0,0
Very happy with this product.,Positive,Positive Sentiment,1,1
"It seems completely secure, both holding on to my belt, and keeping the iPhone inside.",Positive,Positive Sentiment,1,1
Poor Construction.,Negative,Negative Sentiment,0,2
I have two more years left in this contract and I hate this phone.,Negative,Negative Sentiment,0,2
"Not only will it drain your player, but may also potentially fry it.",Negative,Negative Sentiment,0,2
"That being said, for a phone, the camera is very nice; many cool effects to play with, and video is decent as well.",Positive,Positive Sentiment,1,1
The earpiece on this is too large or too heavy...it keeps falling out of my ear.,Negative,Negative Sentiment,0,2
Great phone!.,Positive,Positive Sentiment,1,1
My sister has one also and she loves it.,Positive,Positive Sentiment,1,1
Product was excellent and works better than the verizon one and Boy was it cheaper!,Positive,Positive Sentiment,1,1
Fantastic buy and will get again for whatever my next phone is,Positive,Positive Sentiment,1,1
Waste of 13 bucks.,Negative,Purchase or Value Concerns,0,3
"They do not last forever, but is not overly expensive to replace.Easy to operate and the sound is much better than others I have tried.",Positive,Positive Sentiment,1,1
Worst customer service.,Negative,Negative Sentiment,0,2
Beautiful styling though.,Positive,Positive Sentiment,1,1
"However, after about a year, the fliptop started to get loose and wobbly and eventually my screen went black and I couldn't receive and place calls.",Negative,Negative Sentiment,0,2
what a disappointment,Negative,Negative Sentiment,0,2
disappointing.,Negative,Negative Sentiment,0,2
Great Value.,Positive,Positive Sentiment,1,1
The item received was Counterfeit.,Negative,Negative Sentiment,0,2
Good product - incredible value.,Positive,Positive Sentiment,1,1
"It is very comfortable to wear as well, which is probably the most important aspect about using a case.",Positive,Positive Sentiment,1,1
Treo and T-Mobile refused to replace it again and forced me to buy another phone without any kind of upgrade discount.,Negative,Purchase or Value Concerns,0,3
Not good enough for the price.,Negative,Purchase or Value Concerns,0,3
Great sound and service.,Positive,Positive Sentiment,1,1
Awsome Device Works Great!!.,Positive,Positive Sentiment,1,1
"I have only had it for a few weeks, but so far, so good.",Positive,Positive Sentiment,1,1
THey are so cool!,Positive,Positive Sentiment,1,1
I bought this battery with a coupon from Amazon and I'm very happy with my purchase.,Positive,Positive Sentiment,1,1
The reception is excellent!,Positive,Positive Sentiment,1,1
I am going to have to be the first to negatively review this product.,Negative,Negative Sentiment,0,2
Not a good bargain.,Negative,Negative Sentiment,0,2
The plastic breaks really easy on this clip.,Negative,Negative Sentiment,0,2
Virgin Wireless rocks and so does this cheap little phone!,Positive,Positive Sentiment,1,1
The noise shield is incrediable.,Positive,Positive Sentiment,1,1
"This item worked great, but it broke after 6 months of use.",Negative,Negative Sentiment,0,2
Not worth it.,Negative,Negative Sentiment,0,2
"All in all, I'm quite satisfied with this purchase.",Positive,Positive Sentiment,1,1
good protection and does not make phone too bulky.,Positive,Positive Sentiment,1,1
Reversible plug works great.,Positive,Positive Sentiment,1,1
"If I take a picture, the battery drops a bar, and starts beeping, letting me know its dieing.",Negative,Technical Issues,0,0
I bought this phone as a replacement for my StarTac and have regretted it since.,Negative,Negative Sentiment,0,2
The case is a flimsy piece of plastic and has no front or side protection whatsoever.,Negative,Negative Sentiment,0,2
Please dont waste your money.,Negative,Purchase or Value Concerns,0,3
"It felt too light and ""tinny."".",Negative,Negative Sentiment,0,2
Crisp and Clear.,Positive,Positive Sentiment,1,1
"Great price, too!",Positive,Positive Sentiment,1,1
The phone crashed completely and now I have to get it replaced.,Negative,Negative Sentiment,0,2
WELL IM SATISFIED.,Positive,Positive Sentiment,1,1
Poorly contstruct hinge.,Negative,Negative Sentiment,0,2
Nice Sound.,Positive,Positive Sentiment,1,1
I got this phone on reccomendation from a relative and I'm glad I did.,Positive,Positive Sentiment,1,1
Phone is sturdy as all nokia bar phones are.,Positive,Positive Sentiment,1,1
We would recommend these to others.,Positive,Positive Sentiment,1,1
I was not happy with this item.,Negative,Negative Sentiment,0,2
And the sound quality is great.,Positive,Positive Sentiment,1,1
"This is an excellent tool, especially when paired with your phone's auto-answer.",Positive,Positive Sentiment,1,1
"Muddy, low quality sound, and the casing around the wire's insert was poorly super glued and slid off.",Negative,Technical Issues,0,0
This is a beautiful phone.,Positive,Positive Sentiment,1,1
The buttons for on and off are bad.,Negative,Negative Sentiment,0,2
The plug did not work very well.,Negative,Technical Issues,0,0
The screen does get smudged easily because it touches your ear and face.,Negative,Negative Sentiment,0,2
"Small, sleek, impressive looking, practical setup with ample storage in place.",Positive,Positive Sentiment,1,1
Highly recommend for any one who has a blue tooth phone.,Positive,Positive Sentiment,1,1
I received my supposedly new motorola 375 and apparently there was not a match between the phone and the charger.,Negative,Technical Issues,0,0
I was amazed at the quick arrival of the two original lg cell phone batteries and and at a fraction of the price.,Positive,Positive Sentiment,1,1
"I connected my wife's bluetooth,(Motorola HS850) to my phone and it worked like a charm whether the phone was in my pocket or the case.",Positive,Positive Sentiment,1,1
Nice headphones for the price and they work great!,Positive,Positive Sentiment,1,1
"It is light, easy to use, and has very clear reception and transmission.",Positive,Positive Sentiment,1,1
Great product for the price!.,Positive,Positive Sentiment,1,1
This one works and was priced right.,Positive,Positive Sentiment,1,1
One thing I hate is the mode set button at the side.,Negative,Negative Sentiment,0,2
It fits my ear well and is comfortable on.,Positive,Positive Sentiment,1,1
Thank you for wasting my money.,Negative,Purchase or Value Concerns,0,3
I gave it 5 stars because of the sound quality.,Positive,Positive Sentiment,1,1
I got the car charger and not even after a week the charger was broken...I went to plug it in and it started smoking.,Negative,Technical Issues,0,0
These headphones were a great find - and I think they are perhaps the best purchase I've made in the last several years - seriously.,Positive,Positive Sentiment,1,1
"The seller is very understanding and patient, I would definitely buy from them again.",Positive,Positive Sentiment,1,1
"It didn't work, people can not hear me when I talk.",Negative,Negative Sentiment,0,2
The price was very good and with the free shipping and all it was a good purchase.,Positive,Positive Sentiment,1,1
"Bought mainly for the charger, which broke soon after purchasing.",Negative,Technical Issues,0,0
Works good.,Positive,Positive Sentiment,1,1
The company shipped my product very promptly and it works well.,Positive,Positive Sentiment,1,1
"Verizon's bills, however, are difficult to understand even though their pricing plans are simple.",Negative,Negative Sentiment,0,2
They work about 2 weeks then break.,Negative,Negative Sentiment,0,2
We received a WHITE colored battery that goes DEAD after a couple hoursTHe original used to last a week - but still lasts longer than thereplacement,Negative,Technical Issues,0,0
Absolutely great.,Positive,Positive Sentiment,1,1
It worked very well.,Positive,Positive Sentiment,1,1
Also its slim enough to fit into my alarm clock docking station without removing the case.,Positive,Positive Sentiment,1,1
I even fully charged it before I went to bed and turned off blue tooth and wi-fi and noticed that it only had 20 % left in the morning.,Negative,Technical Issues,0,0
REALLY UGLY.,Negative,Negative Sentiment,0,2
"The cable looks so thin and flimsy, it is scary.",Negative,Negative Sentiment,0,2
"however, my girl was complain that some time the phone doesn't wake up like normal phone does.",Negative,Technical Issues,0,0
I am sorry I made this purchase.,Negative,Purchase or Value Concerns,0,3
The holster that arrived did not match the photo in the ad.,Negative,Negative Sentiment,0,2
This is essentially a communications tool that does not communicate.,Negative,Negative Sentiment,0,2
"If you hate earbugs, avoid this phone by all means.",Negative,Negative Sentiment,0,2
"I am pairing this with my iphone, and I could not be happier with it so far.",Positive,Positive Sentiment,1,1
I could not recommend these more.,Negative,Negative Sentiment,0,2
I even dropped this phone into a stream and it was submerged for 15 seconds and it still works great!,Positive,Positive Sentiment,1,1
I love this bluetooth!,Positive,Positive Sentiment,1,1
The best phone in market :).,Positive,Positive Sentiment,1,1
I am very happy,Positive,Positive Sentiment,1,1
This phone is slim and light and the display is beautiful.,Positive,Positive Sentiment,1,1
I love all the features and form factor.,Positive,Positive Sentiment,1,1
doesn't last long.,Negative,Technical Issues,0,0
If you plan to use this in a car forget about it.,Negative,Negative Sentiment,0,2
"I have had this phone for over a year now, and I will tell you, its not that great.",Negative,Negative Sentiment,0,2
Great for the jawbone.,Positive,Positive Sentiment,1,1
"I own a Jabra Earset and was very happy with it, but the sound quality, especially outgoing, on this is better.",Positive,Positive Sentiment,1,1
Great for using with your home stereo.,Positive,Positive Sentiment,1,1
"It lasts less than 3o minutes, if I actually try to use the phone.My wife has the same phone with the same problem.",Negative,Technical Issues,0,0
Absolutel junk.,Negative,Negative Sentiment,0,2
I was able to do voice dialing in the car with no problem.,Positive,Positive Sentiment,1,1
Dont waste your money...,Negative,Purchase or Value Concerns,0,3
Good case!.,Positive,Positive Sentiment,1,1
It looses connection to the phone even when it is within a couple feet between the two.,Negative,Negative Sentiment,0,2
Exactly what I wanted.,Positive,Positive Sentiment,1,1
Great software for Motorolas.,Positive,Positive Sentiment,1,1
IT'S REALLY EASY.,Positive,Positive Sentiment,1,1
It is the best charger I have seen on the market yet.,Positive,Positive Sentiment,1,1
It's uncomfortable and the sound quality is quite poor compared with the phone (Razr) or with my previous wired headset (that plugged into an LG).,Negative,Technical Issues,0,0
"It is cheap, and it feel and look just as cheap.",Negative,Negative Sentiment,0,2
"Good show, Samsung.",Positive,Positive Sentiment,1,1
"However, the keypads are so tinny that I sometimes reach the wrong buttons.",Negative,Negative Sentiment,0,2
"I love this phone , It is very handy and has a lot of features .",Positive,Positive Sentiment,1,1
These are certainly very comfortable and functionality is decent.,Positive,Positive Sentiment,1,1
I am not impressed with this and i would not recommend this item to anyone.,Negative,Negative Sentiment,0,2
"But when I check voice mail at night, the keypad backlight turns off a few seconds into the first message, and then I'm lost.",Negative,Negative Sentiment,0,2
It's not what it says it is.,Negative,Negative Sentiment,0,2
Really good product.,Positive,Positive Sentiment,1,1
Headset works great & was packaged nicely to avoid any damage.,Positive,Positive Sentiment,1,1
Plan on ordering from them again and again.,Positive,Positive Sentiment,1,1
Cant get the software to work with my computer.,Negative,Negative Sentiment,0,2
disappointed.,Negative,Negative Sentiment,0,2
I ended up sliding it on the edge of my pants or back pockets instead.,Positive,Positive Sentiment,1,1
"If you are looking for a good quality Motorola Headset keep looking, this isn't it.",Negative,Negative Sentiment,0,2
So I bought about 10 of these and saved alot of money.,Positive,Positive Sentiment,1,1
"After 3 months, screen just went black all of a sudden.",Negative,Negative Sentiment,0,2
The cutouts and buttons are placed perfectly.,Positive,Positive Sentiment,1,1
Someone shouldve invented this sooner.,Positive,Positive Sentiment,1,1
I didn't think that the instructions provided were helpful to me.,Negative,Negative Sentiment,0,2
The one big drawback of the MP3 player is that the buttons on the phone's front cover that let you pause and skip songs lock out after a few seconds.,Negative,Negative Sentiment,0,2
I am very impressed with the job that Motorola did on the sturdiness of this phone.,Positive,Positive Sentiment,1,1
Very Dissapointing Performance.,Negative,Negative Sentiment,0,2
Very pleased with this headset.,Positive,Positive Sentiment,1,1
Everything about it is fine and reasonable for the price i.e.,Positive,Positive Sentiment,1,1
WORST PHONE EVER.,Negative,Negative Sentiment,0,2
Sprint - terrible customer service.,Negative,Negative Sentiment,0,2
The commercials are the most misleading.,Negative,Negative Sentiment,0,2
Just reading on the specs alone makes you say WOW.,Positive,Positive Sentiment,1,1
All three broke within two months of use.,Negative,Negative Sentiment,0,2
I have tried these cables with my computer and my iPod and it works just fine.,Positive,Positive Sentiment,1,1
The battery is completely useless to me.,Negative,Technical Issues,0,0
Doesn't hold charge.,Negative,Technical Issues,0,0
"I have this phone and it is a thorn in my side, I really abhor it.",Negative,Negative Sentiment,0,2
How stupid is that?,Negative,Negative Sentiment,0,2
I highly recommend this case.,Positive,Positive Sentiment,1,1
"The bose noise cancelling is amazing, which is very important for a NYC commuter.",Positive,Positive Sentiment,1,1
Comfortable in my hand.,Positive,Positive Sentiment,1,1
Very easy to use.,Positive,Positive Sentiment,1,1
Terrible phone holder.,Negative,Negative Sentiment,0,2
Last time buying from you.,Negative,Purchase or Value Concerns,0,3
Seller shipped quickly and much cheaper than the competitors.,Positive,Positive Sentiment,1,1
W810i is just SUPERB.,Positive,Positive Sentiment,1,1
I am more than happy with this product.,Positive,Positive Sentiment,1,1
Phone falls out easily.,Negative,Negative Sentiment,0,2
"The camera, although rated at an impressive 1.3 megapixels, renders images that fall well below expectations of such a relatively high resolution.",Negative,Negative Sentiment,0,2
I give Wirefly 1 star.I will contact Cingular/AT&T; and inform them of this practice.,Negative,Negative Sentiment,0,2
You need two hands to operate the screen.This software interface is decade old and cannot compete with new software designs.,Negative,Negative Sentiment,0,2
Very prompt service.,Positive,Positive Sentiment,1,1
"A must study for anyone interested in the ""worst sins"" of industrial design.",Negative,Negative Sentiment,0,2
"Bluetooth range is good - a few days ago I left my phone in the trunk, got a call, and carried the conversation without a hitch.",Positive,Positive Sentiment,1,1
The majority of the Logitech earbud headsets failed.,Negative,Technical Issues,0,0
"Otherwise, easy to install and use, clear sound.",Positive,Positive Sentiment,1,1
Great Phone.,Positive,Positive Sentiment,1,1
It was a waste of my money.,Negative,Purchase or Value Concerns,0,3
Best I've found so far .... I've tried 2 other bluetooths and this one has the best quality (for both me and the listener) as well as ease of using.,Positive,Positive Sentiment,1,1
Battery life is real good.,Positive,Positive Sentiment,1,1
"The sound quality for the device is unacceptable.Unless you are in a really quiet area, you almost hear nothing.",Negative,Technical Issues,0,0
The sound is clear and the people I talk to on it are amazed at the quality too.,Positive,Positive Sentiment,1,1
"My experience was terrible..... This was my fourth bluetooth headset, and while it was much more comfortable than my last Jabra (which I HATED!!!",Negative,Negative Sentiment,0,2
Battery has no life.,Negative,Technical Issues,0,0
"As an earlier review noted, plug in this charger and nothing happens.",Negative,Technical Issues,0,0
So I had to take the battery out of the phone put it all back together and then restart it.,Negative,Technical Issues,0,0
Really pleased with this product so far.,Positive,Positive Sentiment,1,1
Great Earpiece.,Positive,Positive Sentiment,1,1
I've had this for nearly 2 years and it has worked great for me.,Positive,Positive Sentiment,1,1
"If there is a wind, it is completely useless.",Negative,Negative Sentiment,0,2
"Good case, Excellent value.",Positive,Positive Sentiment,1,1
very disappointed.,Negative,Negative Sentiment,0,2
I have always used corded headsets and the freedom from the wireless is very helpful.,Positive,Positive Sentiment,1,1
Worked great!.,Positive,Positive Sentiment,1,1
"Att is not clear, sound is very distorted and you have to yell when you talk.",Negative,Technical Issues,0,0
One of my favorite purchases ever.,Positive,Positive Sentiment,1,1
Also difficult to put on.I'd recommend avoiding this product.,Negative,Negative Sentiment,0,2
It's AGGRAVATING!,Negative,Negative Sentiment,0,2
Very Displeased.,Negative,Negative Sentiment,0,2
I'd like to return it.,Negative,Purchase or Value Concerns,0,3
This allows the possibility of double booking for the same date and time after the first.,Negative,Negative Sentiment,0,2
The first thing that happened was that the tracking was off.,Negative,Negative Sentiment,0,2
"Overall, I would recommend this phone over the new Walkman.",Positive,Positive Sentiment,1,1
Phone now holds charge like it did when it was new.,Positive,Positive Sentiment,1,1
I did not bother contacting the company for few dollar product but I learned the lesson that I should not have bought this form online anyway.,Negative,Negative Sentiment,0,2
"This was utterly confusing at first, which caused me to lose a couple of very, very important contacts.",Negative,Negative Sentiment,0,2
The instruction manual is lacking.,Negative,Negative Sentiment,0,2
We have tried 2 units and they both failed within 2 months.. Pros,Negative,Technical Issues,0,0
Sending it back.,Negative,Negative Sentiment,0,2
"I didn't want the clip going over the top of my ear, causing discomfort.",Negative,Negative Sentiment,0,2
I want my money back.,Negative,Purchase or Value Concerns,0,3
The case is great and works fine with the 680.,Positive,Positive Sentiment,1,1
I have had mine for about a year and this Christmas I bought some for the rest of the family.,Positive,Positive Sentiment,1,1
the charger worked for about a week and then completely stopped charging my phone.,Negative,Technical Issues,0,0
The worst phone I've ever had.... Only had it for a few months.,Negative,Negative Sentiment,0,2
Can't upload ringtones from a third party.,Negative,Negative Sentiment,0,2
"I received my orders well within the shipping timeframe, everything was in good working order and overall, I am very excited to have this source.",Positive,Positive Sentiment,1,1
Excellent product for the price.,Positive,Positive Sentiment,1,1
.... Item arrived quickly and works great with my Metro PCS Samsung SCH-r450 slider phone and Sony Premium Sound in ear plugs.,Positive,Positive Sentiment,1,1
Very disappointed in AccessoryOne.,Negative,Negative Sentiment,0,2
Great Phone.,Positive,Positive Sentiment,1,1
I would recommend this.,Positive,Positive Sentiment,1,1
Love this headset!,Positive,Positive Sentiment,1,1
I have been very satisfied with this cell phone from day one.,Positive,Positive Sentiment,1,1
This phone tries very hard to do everything but fails at it's very ability to be a phone.,Negative,Technical Issues,0,0
He was very impressed when going from the original battery to the extended battery.,Positive,Positive Sentiment,1,1
Thank you for such great service.,Positive,Positive Sentiment,1,1
What a waste of money and time!.,Negative,Purchase or Value Concerns,0,3
"However, BT headsets are currently not good for real time games like first-person shooters since the audio delay messes me up.",Negative,Negative Sentiment,0,2
Poor sound quality.,Negative,Technical Issues,0,0
Everything about this product is wrong.First,Negative,Negative Sentiment,0,2
Does not fit.,Negative,Negative Sentiment,0,2
"The charger arrived within the promised timeframe, but it did not work.",Negative,Technical Issues,0,0
"Looks great and is strong.""",Positive,Positive Sentiment,1,1
Clear crisp sound.,Positive,Positive Sentiment,1,1
It fits so securely that the ear hook does not even need to be used and the sound is better directed through your ear canal.,Positive,Positive Sentiment,1,1
Setup went very smoothly.,Positive,Positive Sentiment,1,1
This is definitely a must have if your state does not allow cell phone usage while driving.,Positive,Positive Sentiment,1,1
"I can hear while I'm driving in the car, and usually don't even have to put it on it's loudest setting.",Positive,Positive Sentiment,1,1
This phone might well be the worst I've ever had in any brand.,Negative,Negative Sentiment,0,2
Unfortunately the ability to actually know you are receiving a call is a rather important feature and this phone is pitiful in that respect.,Negative,Negative Sentiment,0,2
Worked very well paired with a Treo 700w and as a Skype headset on my PC (using a USB Bluetooth transceiver).,Positive,Positive Sentiment,1,1
The speaker is of low quality so as making the ring tones sound very cheap.,Negative,Technical Issues,0,0
the phone was unusable and was not new.,Negative,Negative Sentiment,0,2
Great for iPODs too.,Positive,Positive Sentiment,1,1
Great case and price!,Positive,Positive Sentiment,1,1
It is very comfortable on the ear.,Positive,Positive Sentiment,1,1
Display is excellent and camera is as good as any from that year.,Positive,Positive Sentiment,1,1
I've missed numerous calls because of this reason.,Negative,Negative Sentiment,0,2
Obviously there is a problem with the adhesive.,Negative,Technical Issues,0,0
poor quality and service.,Negative,Negative Sentiment,0,2
"Good value, works fine - power via USB, car, or wall outlet.",Positive,Positive Sentiment,1,1
"but it is great, i would really recommend it",Positive,Positive Sentiment,1,1
Mic Doesn't work.,Negative,Technical Issues,0,0
I received it quickly and it works great!!,Positive,Positive Sentiment,1,1
"I had ordered a motorola data cable, got a very well finished and working product.",Positive,Positive Sentiment,1,1
Don't make the same mistake I did.,Negative,Negative Sentiment,0,2
The volume for the ringer is REAL good (you have choices how loud).,Positive,Positive Sentiment,1,1
This phone is very fast with sending any kind of messages and web browsing is significantly faster than previous phones i have used.,Positive,Positive Sentiment,1,1
I've also had problems with the phone reading the memory card in which I always turn it on and then off again.,Negative,Technical Issues,0,0
Don't waste your money!.,Negative,Purchase or Value Concerns,0,3
"I only used it two days, and it wasn't always easy to hear with.",Negative,Negative Sentiment,0,2
"Great product, fast shipping!.",Positive,Positive Sentiment,1,1
"I get absolutely horrible reception in my apartment, where with other phones I have not had this problem.",Negative,Technical Issues,0,0
"Also, if your phone is dropped, this case is not going to save it, specially when dropped face down.",Negative,Negative Sentiment,0,2
Was not happy.,Negative,Negative Sentiment,0,2
"The bottowm line...another worthless, cheap gimmick from Sprint.",Negative,Negative Sentiment,0,2
It is unusable in a moving car at freeway speed.,Negative,Negative Sentiment,0,2
It has been a winner for us.,Positive,Positive Sentiment,1,1
"All I can do is whine on the Internet, so here it goes.The more I use the thing the less I like it.",Negative,Negative Sentiment,0,2
I ordered this product first and was unhappy with it immediately.,Negative,Negative Sentiment,0,2
This item is fantastic and works perfectly!,Positive,Positive Sentiment,1,1
Works like a charm.. Works as advertised.,Positive,Positive Sentiment,1,1
So there is no way for me to plug it in here in the US unless I go by a converter.,Negative,Technical Issues,0,0
Does not work for listening to music with the cingular 8125.,Negative,Technical Issues,0,0
I got it because it was so small and adorable.,Positive,Positive Sentiment,1,1
I was not impressed by this product.,Negative,Negative Sentiment,0,2
Worst software ever used.... If I could give this zero stars I would.,Negative,Negative Sentiment,0,2
It is simple to use and I like it.,Positive,Positive Sentiment,1,1
"I have to use the smallest earpieces provided, but it stays on pretty well.",Positive,Positive Sentiment,1,1
"Couldn't use the unit with sunglasses, not good in Texas!",Negative,Negative Sentiment,0,2
I was very excited to get this headset because I thought it was really cute.,Positive,Positive Sentiment,1,1
The pleather case doesn't fit.,Negative,Technical Issues,0,0
Portable and it works.,Positive,Positive Sentiment,1,1
Cheap but hey it works.. Was pleasantly suprised given the low cost of this item.,Positive,Positive Sentiment,1,1
"When I placed my treo into the case, not only was it NOT snug, but there was A LOT of extra room on the sides.",Negative,Negative Sentiment,0,2
All the other cases I've tried normally fall apart after a few months but this one seems to be in for the long haul.,Positive,Positive Sentiment,1,1
Don't trust their website and don't expect any helpful support.,Negative,Negative Sentiment,0,2
"You get extra minutes so that you can carry out the call and not get cut off.""",Positive,Positive Sentiment,1,1
"Buyer Beware, you could flush money right down the toilet.",Negative,Purchase or Value Concerns,0,3
Will order from them again!,Positive,Positive Sentiment,1,1
O my gosh the best phone I have ever had.,Positive,Positive Sentiment,1,1
"It feels poorly constructed, the menus are difficult to navigate, and the buttons are so recessed that it is difficult to push them.",Negative,Negative Sentiment,0,2
"If you have several dozen or several hundred contacts, then imagine the fun of sending each of them one by one.",Negative,Negative Sentiment,0,2
DO NOT PURCHASE THIS PHONE.,Negative,Purchase or Value Concerns,0,3
Not enough volume.,Negative,Technical Issues,0,0
This is a VERY average phone with bad battery life that operates on a weak network.,Negative,Technical Issues,0,0
They have been around for years and carries the highest quality of anti-glare screen protector that I have found to date.,Positive,Positive Sentiment,1,1
Very much disappointed with this company.,Negative,Negative Sentiment,0,2
It always cuts out and makes a beep beep beep sound then says signal failed.,Negative,Technical Issues,0,0
The design might be ergonomic in theory but I could not stand having these in my ear.,Negative,Negative Sentiment,0,2
The replacement died in a few weeks.,Negative,Negative Sentiment,0,2
"I can barely ever hear on it and am constantly saying ""what?""",Negative,Negative Sentiment,0,2
"The look of it is very sharp and the screen is nice and clear, with great graphics.",Positive,Positive Sentiment,1,1
Essentially you can forget Microsoft's tech support.,Negative,Negative Sentiment,0,2
After a year the battery went completely dead on my headset.,Negative,Technical Issues,0,0
I love being able to use one headset for both by land-line and cell.,Positive,Positive Sentiment,1,1
"For the price on Amazon, it is an excellent product, which I would highly recommend.",Positive,Positive Sentiment,1,1
The battery works great!,Positive,Positive Sentiment,1,1
"Using all earpieces, left or right, this thing will not stay on my ear.",Negative,Negative Sentiment,0,2
"Comfortable, Nice Range, Good Battery Life.",Positive,Positive Sentiment,1,1
"The color is even prettier than I thought it would be, and the graphics are incredibly sharp.",Positive,Positive Sentiment,1,1
Works great!.,Positive,Positive Sentiment,1,1
Don't buy it.,Negative,Purchase or Value Concerns,0,3
"Product is useless, since it does not have enough charging current to charge the 2 cellphones I was planning to use it with.",Negative,Technical Issues,0,0
I love the look and feel of Samsung flipphones.,Positive,Positive Sentiment,1,1
Easy to use.,Positive,Positive Sentiment,1,1
Big Disappointment with calendar sync.,Negative,Negative Sentiment,0,2
I own 2 of these cases and would order another.,Positive,Positive Sentiment,1,1
wont work right or atleast for me.,Negative,Negative Sentiment,0,2
Earbud piece breaks easily.,Negative,Negative Sentiment,0,2
Jawbone Era is awesome too!,Positive,Positive Sentiment,1,1
Adapter does not provide enough charging current.,Negative,Negative Sentiment,0,2
I highly recommend this modest priced cellular phone.,Positive,Positive Sentiment,1,1
And none of the tones is acceptable.,Negative,Negative Sentiment,0,2
I would highly recommend this product.,Positive,Positive Sentiment,1,1
Do NOT buy if you want to use the holster.,Negative,Purchase or Value Concerns,0,3
"Fits comfortably, came with three sizes of earbud tips.",Positive,Positive Sentiment,1,1
My only complaint is the standard sound volume is a little low even when turned up to 5(of 5),Negative,Technical Issues,0,0
They made this case too small and is very difficult to install.,Negative,Negative Sentiment,0,2
I am very impressed with this headset from Plantronics.,Positive,Positive Sentiment,1,1
I would highly recommend this.,Positive,Positive Sentiment,1,1
"My colleague & I now get great reception.A little expensive, but performance is great.",Positive,Positive Sentiment,1,1
The battery is working well as a replacement for the original that came with the phone over 2 years ago.,Positive,Positive Sentiment,1,1
much better than the hard plastic cases.,Positive,Positive Sentiment,1,1
This battery is an excellent bargain!,Positive,Positive Sentiment,1,1
I don't think it would hold it too securly on your belt.,Negative,Negative Sentiment,0,2
The keyboard is really worthwhile in usefulness and is sturdy enough I don't expect any problems.,Positive,Positive Sentiment,1,1
"I really recommend this faceplates since it looks very nice, elegant and cool.",Positive,Positive Sentiment,1,1
This pair of headphones is the worst that I have ever had sound-wise.,Negative,Technical Issues,0,0
Reception is terrible and full of static.,Negative,Technical Issues,0,0
I had to purchase a different case.,Negative,Purchase or Value Concerns,0,3
"Comfortable fit - you need your headset to be comfortable for at least an hour at a time, if not for an entire day.",Positive,Positive Sentiment,1,1
I'm a bit disappointed.,Negative,Negative Sentiment,0,2
I cannot make calls at certain places.,Negative,Negative Sentiment,0,2
The only thing that disappoint me is the infra red port (irda).,Negative,Negative Sentiment,0,2
"Provides good protection and looks classy, too.",Positive,Positive Sentiment,1,1
No buyers remorse on this one!.,Negative,Purchase or Value Concerns,0,3
"Pros:-Good camera - very nice pictures , also has cool styles like black and white, and more.",Positive,Positive Sentiment,1,1
"Clear Skype Calls, Long Battery Life, Long Range.",Positive,Positive Sentiment,1,1
Easy to pair with my Samsung Cell.,Positive,Positive Sentiment,1,1
The phone gets EXTREMELY HOT!,Negative,Negative Sentiment,0,2
Works well.,Positive,Positive Sentiment,1,1
I kept catching the cable on the seat and I had to pull the phone out to turn it on an off.,Negative,Negative Sentiment,0,2
People couldnt hear me talk and I had to pull out the earphone and talk on the phone.,Negative,Negative Sentiment,0,2
I wish I could return the unit and get back my money.,Negative,Purchase or Value Concerns,0,3
This product had a strong rubber/petroleum smell that was unbearable after a while and caused me to return it,Negative,Purchase or Value Concerns,0,3
"During several different 2 minute calls, I experienced 5 drops and it was in an area that had 5 bars.",Negative,Negative Sentiment,0,2
Bad Reception.,Negative,Negative Sentiment,0,2
It looks very nice.,Positive,Positive Sentiment,1,1
Their network coverage in Los Angeles is horrible.,Negative,Negative Sentiment,0,2
Excellent product for the price.,Positive,Positive Sentiment,1,1
It is easy to turn on and off when you are in the car and the volume controls are quite accessable.,Positive,Positive Sentiment,1,1
Doesn't work at all.. I bougth it for my L7c and its not working.,Negative,Technical Issues,0,0
The reception through this headset is excellent.,Positive,Positive Sentiment,1,1
I've bought $5 wired headphones that sound better than these.,Negative,Technical Issues,0,0
However I needed some better instructions.,Negative,Negative Sentiment,0,2
It was horrible!.,Negative,Negative Sentiment,0,2
nice leather.,Positive,Positive Sentiment,1,1
Very wind-resistant.,Positive,Positive Sentiment,1,1
It finds my cell phone right away when I enter the car.,Positive,Positive Sentiment,1,1
"No additional ear gels provided, and no instructions whatsoever.",Negative,Negative Sentiment,0,2
This PDA rocks.,Positive,Positive Sentiment,1,1
The camera on the phone may be used as a dustpan when indoors... I'd rather be using a disposable then this.,Negative,Negative Sentiment,0,2
"Unfortunately it will not recharge my iPhone 4s, despite connecting it from multiple power sources (iMac, external battery, wall outlet, etc).",Negative,Technical Issues,0,0
"I use this product in a motor control center where there is a lot of high voltage humming from the equipment, and it works great!",Positive,Positive Sentiment,1,1
It would take too long to describe how bad my customer service experience has been with Amazon.,Negative,Negative Sentiment,0,2
If you are Razr owner...you must have this!,Positive,Positive Sentiment,1,1
"I know that sounds funny, but to me it seemed like sketchy technology that wouldn't work well.Well, this one works great.",Positive,Positive Sentiment,1,1
Excellent product.,Positive,Positive Sentiment,1,1
Fantastic earphones.,Positive,Positive Sentiment,1,1
"Looks good in the picture, but this case was a huge disappointment!!",Negative,Negative Sentiment,0,2
What a piece of junk.. I lose more calls on this phone.,Negative,Negative Sentiment,0,2
How can that be?The audio quality is poor.,Negative,Negative Sentiment,0,2
Design Flaw?.,Negative,Negative Sentiment,0,2
"* Comes with a strong light that you can use to light up your camera shots, and even flash SOS signals (seriously!",Positive,Positive Sentiment,1,1
Leopard Print is wonderfully wild!.,Positive,Positive Sentiment,1,1
Great charger.,Positive,Positive Sentiment,1,1
Gets a signal when other Verizon phones won't.,Positive,Positive Sentiment,1,1
"horrible, had to switch 3 times.",Negative,Negative Sentiment,0,2
Worst ever.,Negative,Negative Sentiment,0,2
Great phone.,Positive,Positive Sentiment,1,1
I highly recommend these and encourage people to give them a try.,Positive,Positive Sentiment,1,1
"Verizon tech support walked my through a few procedures, none of which worked and I ended up having to do a hard re-set, wiping out all my data.",Negative,Negative Sentiment,0,2
Works great.,Positive,Positive Sentiment,1,1
This is the phone to get for 2005.... I just bought my S710a and all I can say is WOW!,Positive,Positive Sentiment,1,1
Internet is excrutiatingly slow.,Negative,Negative Sentiment,0,2
It is so small and you don't even realize that it is there after a while of getting used to it.,Positive,Positive Sentiment,1,1
"A week later after I activated it, it suddenly died.",Negative,Negative Sentiment,0,2
Good Quality.,Positive,Positive Sentiment,1,1
I advise EVERYONE DO NOT BE FOOLED!,Negative,Negative Sentiment,0,2
Any ring tone..Overall good phone to buy..,Positive,Positive Sentiment,1,1
"It is super charged up for use as a small hybrid palmtop/camera/cellphone, and excels in those roles.",Positive,Positive Sentiment,1,1
"It's so stupid to have to keep buying new chargers, car chargers, cradles, headphones and car kits every time a new phone comes out.",Negative,Technical Issues,0,0
I was very pleased to see that I could replace my well travled swivel holster for my Blackberry flip.,Positive,Positive Sentiment,1,1
I did not have any problem with this item and would order it again if needed.,Positive,Positive Sentiment,1,1
These are fabulous!,Positive,Positive Sentiment,1,1
The construction of the headsets is poor.,Negative,Negative Sentiment,0,2
"None of it works, just don't buy it.",Negative,Purchase or Value Concerns,0,3
"I like the fact that it rests lightly against your ear, rather than inside.",Positive,Positive Sentiment,1,1
I was looking for this headset for a long time and now that I've got it I couldn't be happier.,Positive,Positive Sentiment,1,1
Terrible.. My car will not accept this cassette.,Negative,Negative Sentiment,0,2
Not loud enough and doesn't turn on like it should.,Negative,Technical Issues,0,0
That company is a joke.,Negative,Negative Sentiment,0,2
Good audio quality.,Positive,Positive Sentiment,1,1
This product is ideal for people like me whose ears are very sensitive.,Positive,Positive Sentiment,1,1
Still Waiting...... I'm sure this item would work well.. if I ever recieve it!,Negative,Negative Sentiment,0,2
VERY DISAPPOINTED.,Negative,Negative Sentiment,0,2
I would recommend it.,Positive,Positive Sentiment,1,1
The nano stated it.My son was dissapointed.,Negative,Negative Sentiment,0,2
Its a total package.,Positive,Positive Sentiment,1,1
Just does not work.,Negative,Technical Issues,0,0
I love this thing!,Positive,Positive Sentiment,1,1
Excellent Phone.,Positive,Positive Sentiment,1,1
This fixes all the problems.,Positive,Positive Sentiment,1,1
You won't regret it!,Positive,Positive Sentiment,1,1
I've tried several different earpieces for my cell phone and this Jabra one is the first one I've found that fits my ear comfortably.,Positive,Positive Sentiment,1,1
"Uncomfortable In the Ear, Don't use with LG VX9900 (EnV).",Negative,Negative Sentiment,0,2
":-)Oh, the charger seems to work fine.",Positive,Positive Sentiment,1,1
I highly recommend this device to everyone!,Positive,Positive Sentiment,1,1
"sucked, most of the stuff does not work with my phone.",Negative,Technical Issues,0,0
Utter crap.. Sound quality is TERRIBLE.,Negative,Technical Issues,0,0
I great reception all the time.,Positive,Positive Sentiment,1,1
A lot of websites have been rating this a very good phone and so do I.,Positive,Positive Sentiment,1,1
"I contacted the company and they told me that, although the unit was still under warranty, if I couldn't produce my receipt I was out of luck.",Negative,Negative Sentiment,0,2
"I would recommend purchasing the Jabra JX-10 series 2 which works flawlessly with my Moto Q, go figure.",Positive,Positive Sentiment,1,1
Voice recognition is tremendous!,Positive,Positive Sentiment,1,1
Does not charge the Cingular (ATT) 8525 phone.,Negative,Technical Issues,0,0
dont buy it.,Negative,Purchase or Value Concerns,0,3
"First of all, it doesn't wear well.",Negative,Technical Issues,0,0
Piece of trash.,Negative,Negative Sentiment,0,2
I love this cable - it allows me to connect any mini-USB device to my PC.,Positive,Positive Sentiment,1,1
"All in all, I'd expected a better consumer experience from Motorola.",Negative,Negative Sentiment,0,2
Unfortunately it's easy to accidentally activate them with the gentle-touch buttons if you accidentally touch the phone to your face while listening.,Negative,Negative Sentiment,0,2
Not nearly as good looking as the AMAZON picture makes it look.,Negative,Negative Sentiment,0,2
I does not maintain a connection with the computer while it is on my lap.,Negative,Negative Sentiment,0,2
Linked to my phone without effort.,Positive,Positive Sentiment,1,1
So just beware.,Negative,Negative Sentiment,0,2
Disappointed!.,Negative,Negative Sentiment,0,2
Mobile Phone Tools are a must have.,Positive,Positive Sentiment,1,1
"I have had TMobile service for 2 or 3 years now, and I am pretty happy with it.",Positive,Positive Sentiment,1,1
I exchanged the sony ericson z500a for this and I'm pretty happy with that decision.,Positive,Positive Sentiment,1,1
It defeats the purpose of a bluetooth headset.,Negative,Negative Sentiment,0,2
Blue Ant is easy to use.,Positive,Positive Sentiment,1,1
don't waste your money.,Negative,Purchase or Value Concerns,0,3
Warning - Stay away.,Negative,Negative Sentiment,0,2
"First off the reception sucks, I have never had more than 2 bars, ever.",Negative,Negative Sentiment,0,2
Low Quality.,Negative,Negative Sentiment,0,2
The phone can also take great pictures and even video clips.,Positive,Positive Sentiment,1,1
A PIECE OF JUNK THAT BROKE AFTER BEING ON MY PHONE FOR 2 DAYS!!!,Negative,Negative Sentiment,0,2
I have been very happy with the 510 and have had NO complaints from any one regarding my sound quality on their end.,Positive,Positive Sentiment,1,1
"I would definitely recommend the Jabra BT250v for those who are looking for comfort, clarity and a great price!",Positive,Positive Sentiment,1,1
The Jabra EarGels fit my ears very well.,Positive,Positive Sentiment,1,1
I have read other's reviews here but I haven't had any problem with it.,Positive,Positive Sentiment,1,1
I really like this product over the Motorola because it is allot clearer on the ear piece and the mic.,Positive,Positive Sentiment,1,1
"What possesed me to get this junk, I have no idea...",Negative,Negative Sentiment,0,2
All in all I think it was a good investment.,Positive,Positive Sentiment,1,1
"However, the ear pads come off easily and after only one week I lost one.",Negative,Negative Sentiment,0,2
Avoid this one if you can.,Negative,Negative Sentiment,0,2
