Sentence,Sentiment,Category
So there is no way for me to plug it in here in the US unless I go by a converter.,Negative,Technical Issues
"Good case, Excellent value.",Positive,Positive Sentiment
Great for the jawbone.,Positive,Positive Sentiment
Tied to charger for conversations lasting more than 45 minutes.MAJOR PROBLEMS!!,Negative,Technical Issues
The mic is great.,Positive,Positive Sentiment
I have to jiggle the plug to get it to line up right to get decent volume.,Negative,Technical Issues
"If you have several dozen or several hundred contacts, then imagine the fun of sending each of them one by one.",Negative,Negative Sentiment
If you are Razr owner...you must have this!,Positive,Positive Sentiment
"Needless to say, I wasted my money.",Negative,Purchase or Value Concerns
What a waste of money and time!.,Negative,Purchase or Value Concerns
And the sound quality is great.,Positive,Positive Sentiment
He was very impressed when going from the original battery to the extended battery.,Positive,Positive Sentiment
If the two were seperated by a mere 5+ ft I started to notice excessive static and garbled sound from the headset.,Negative,Technical Issues
Very good quality though,Positive,Positive Sentiment
"The design is very odd, as the ear ""clip"" is not very comfortable at all.",Negative,Negative Sentiment
Highly recommend for any one who has a blue tooth phone.,Positive,Positive Sentiment
I advise EVERYONE DO NOT BE FOOLED!,Negative,Negative Sentiment
So Far So Good!.,Positive,Positive Sentiment
Works great!.,Positive,Positive Sentiment
It clicks into place in a way that makes you wonder how long that mechanism would last.,Negative,Negative Sentiment
"I went on Motorola's website and followed all directions, but could not get it to pair again.",Negative,Negative Sentiment
I bought this to use with my Kindle Fire and absolutely loved it!,Positive,Positive Sentiment
The commercials are the most misleading.,Negative,Negative Sentiment
I have yet to run this new battery below two bars and that's three days without charging.,Positive,Positive Sentiment
I bought it for my mother and she had a problem with the battery.,Negative,Technical Issues
Great Pocket PC / phone combination.,Positive,Positive Sentiment
I've owned this phone for 7 months now and can say that it's the best mobile phone I've had.,Positive,Positive Sentiment
I didn't think that the instructions provided were helpful to me.,Negative,Negative Sentiment
People couldnt hear me talk and I had to pull out the earphone and talk on the phone.,Negative,Negative Sentiment
Doesn't hold charge.,Negative,Technical Issues
"This is a simple little phone to use, but the breakage is unacceptible.",Negative,Negative Sentiment
This product is ideal for people like me whose ears are very sensitive.,Positive,Positive Sentiment
It is unusable in a moving car at freeway speed.,Negative,Negative Sentiment
I have two more years left in this contract and I hate this phone.,Negative,Negative Sentiment
Car charger as well as AC charger are included to make sure you never run out of juice.Highy recommended,Positive,Positive Sentiment
You need at least 3 mins to get to your phone book from the time you first turn on the phone.Battery life is short.,Negative,Technical Issues
It has kept up very well.,Positive,Positive Sentiment
Poor Talk Time Performance.,Negative,Negative Sentiment
The case is great and works fine with the 680.,Positive,Positive Sentiment
worthless product.,Negative,Negative Sentiment
"It has a great camera thats 2MP, and the pics are nice and clear with great picture quality.",Positive,Positive Sentiment
I was not impressed by this product.,Negative,Negative Sentiment
Nice headset priced right.,Positive,Positive Sentiment
I only hear garbage for audio.,Negative,Negative Sentiment
Excellent bluetooth headset.,Positive,Positive Sentiment
It has all the features I want,Positive,Positive Sentiment
Who in their right mind is gonna buy this battery?.,Negative,Technical Issues
AFTER ARGUING WITH VERIZON REGARDING THE DROPPED CALLS WE RETURNED THE PHONES AFTER TWO DAYS.,Negative,Purchase or Value Concerns
This case seems well made.,Positive,Positive Sentiment
Disappointed with battery.,Negative,Technical Issues
Not loud enough and doesn't turn on like it should.,Negative,Technical Issues
good protection and does not make phone too bulky.,Positive,Positive Sentiment
A usable keyboard actually turns a PDA into a real-world useful machine instead of just a neat gadget.,Positive,Positive Sentiment
This phone is pretty sturdy and I've never had any large problems with it.,Positive,Positive Sentiment
I love this thing!,Positive,Positive Sentiment
Everything about it is fine and reasonable for the price i.e.,Positive,Positive Sentiment
VERY DISAPPOINTED.,Negative,Negative Sentiment
I even dropped this phone into a stream and it was submerged for 15 seconds and it still works great!,Positive,Positive Sentiment
I have been very happy with the 510 and have had NO complaints from any one regarding my sound quality on their end.,Positive,Positive Sentiment
The buttons for on and off are bad.,Negative,Negative Sentiment
Essentially you can forget Microsoft's tech support.,Negative,Negative Sentiment
"I really recommend this faceplates since it looks very nice, elegant and cool.",Positive,Positive Sentiment
These headphones were a great find - and I think they are perhaps the best purchase I've made in the last several years - seriously.,Positive,Positive Sentiment
Buy a different phone - but not this.,Negative,Purchase or Value Concerns
You have to hold the phone at a particular angle for the other party to hear you clearly.,Negative,Negative Sentiment
The one big drawback of the MP3 player is that the buttons on the phone's front cover that let you pause and skip songs lock out after a few seconds.,Negative,Negative Sentiment
"A week later after I activated it, it suddenly died.",Negative,Negative Sentiment
It feels more comfortable than most headsets because I wear glasses and that gets in the way sometimes.,Positive,Positive Sentiment
Great for iPODs too.,Positive,Positive Sentiment
This device is great in several situations:1.),Positive,Positive Sentiment
Mic Doesn't work.,Negative,Technical Issues
"Even in my BMW 3 series which is fairly quiet, I have trouble hearing what the other person is saying.",Negative,Negative Sentiment
Great choice!,Positive,Positive Sentiment
Nice docking station for home or work.,Positive,Positive Sentiment
This is a beautiful phone.,Positive,Positive Sentiment
Love this product.,Positive,Positive Sentiment
Do Not Buy for D807...wrongly advertised for D807.,Negative,Purchase or Value Concerns
This is a great little item.,Positive,Positive Sentiment
"I love this phone , It is very handy and has a lot of features .",Positive,Positive Sentiment
I purchased this and within 2 days it was no longer working!!!!!!!!!,Negative,Purchase or Value Concerns
I wear it everyday and it holds up very well.,Positive,Positive Sentiment
Not a good bargain.,Negative,Negative Sentiment
"Well packaged, arrived on time, and works as intended.",Positive,Positive Sentiment
The battery runs down quickly.,Negative,Technical Issues
"This item worked great, but it broke after 6 months of use.",Negative,Negative Sentiment
The headsets are easy to use and everyone loves them.,Positive,Positive Sentiment
This phone works great.,Positive,Positive Sentiment
The construction of the headsets is poor.,Negative,Negative Sentiment
Product was excellent and works better than the verizon one and Boy was it cheaper!,Positive,Positive Sentiment
The phone loads super!,Positive,Positive Sentiment
"For a product that costs as much as this one does, I expect it to work far better and with greater ease than this thing does.",Negative,Purchase or Value Concerns
Made very sturdy.,Positive,Positive Sentiment
Worked great!.,Positive,Positive Sentiment
The ear buds only play music in one ear.,Negative,Negative Sentiment
Dont waste your money...,Negative,Purchase or Value Concerns
Will order from them again!,Positive,Positive Sentiment
If you plan to use this in a car forget about it.,Negative,Negative Sentiment
I found this product to be waaay too big.,Negative,Negative Sentiment
Best I've found so far .... I've tried 2 other bluetooths and this one has the best quality (for both me and the listener) as well as ease of using.,Positive,Positive Sentiment
I'm very disappointed with my decision.,Negative,Negative Sentiment
Integrated seamlessly with the Motorola RAZR phone.,Positive,Positive Sentiment
"Buyer Beware, you could flush money right down the toilet.",Negative,Purchase or Value Concerns
Definitely a bargain.,Positive,Positive Sentiment
The price was very good and with the free shipping and all it was a good purchase.,Positive,Positive Sentiment
I received my supposedly new motorola 375 and apparently there was not a match between the phone and the charger.,Negative,Technical Issues
"Pros:-Good camera - very nice pictures , also has cool styles like black and white, and more.",Positive,Positive Sentiment
"That's a huge design flaw (unless I'm not using it correctly, which I don't think is the case).",Negative,Negative Sentiment
"I love my 350 headset.. My Jabra350 bluetooth headset is great, the reception is very good and the ear piece is a comfortable fit.",Positive,Positive Sentiment
"The camera, although rated at an impressive 1.3 megapixels, renders images that fall well below expectations of such a relatively high resolution.",Negative,Negative Sentiment
I purcashed this for the car charger and it does not work.,Negative,Technical Issues
"Sound quality on both end is excellent, I use headset to call my wife and ask my wife to use headset to call me !2.",Positive,Positive Sentiment
This phone is slim and light and the display is beautiful.,Positive,Positive Sentiment
its a little geeky but i think thats its sex on toast and it rocks and oozes sex right down to its battery embedded sleek stylish leather case.,Positive,Positive Sentiment
"Great product, fast shipping!.",Positive,Positive Sentiment
Absolutely great.,Positive,Positive Sentiment
The keyboard is a nice compromise between a full QWERTY and the basic cell phone number keypad.,Positive,Positive Sentiment
i got this phone around the end of may and i'm completely unhappy with it.,Negative,Negative Sentiment
It is very comfortable on the ear.,Positive,Positive Sentiment
It has been a winner for us.,Positive,Positive Sentiment
)Setup couldn't have been simpler.,Positive,Positive Sentiment
I've tried several different earpieces for my cell phone and this Jabra one is the first one I've found that fits my ear comfortably.,Positive,Positive Sentiment
Could not get strong enough signal.,Negative,Negative Sentiment
Iam very pleased with my purchase.,Positive,Positive Sentiment
Bad Quality.,Negative,Negative Sentiment
Gets the job done.,Positive,Positive Sentiment
Great audio!.,Positive,Positive Sentiment
Basically the service was very bad.,Negative,Negative Sentiment
it did not work in my cell phone plug i am very up set with the charger!.,Negative,Technical Issues
"I've only had my bluetooth for a few weeks, but I really like it.",Positive,Positive Sentiment
The BT headset was such a disapoinment.,Negative,Negative Sentiment
It is so small and you don't even realize that it is there after a while of getting used to it.,Positive,Positive Sentiment
The accompanied software is almost brilliant.,Positive,Positive Sentiment
Headset works great & was packaged nicely to avoid any damage.,Positive,Positive Sentiment
!I definitly recommend!!,Positive,Positive Sentiment
Buyer--Be Very Careful!!!!!.,Negative,Purchase or Value Concerns
The majority of the Logitech earbud headsets failed.,Negative,Technical Issues
Very good stuff for the price.,Positive,Positive Sentiment
My headset works just peachy-keen.,Positive,Positive Sentiment
In my house I was getting dropped coverage upstairs and no coverage in my basement.,Negative,Negative Sentiment
Voice recognition is tremendous!,Positive,Positive Sentiment
What a waste.,Negative,Purchase or Value Concerns
"During several different 2 minute calls, I experienced 5 drops and it was in an area that had 5 bars.",Negative,Negative Sentiment
I was not happy with this item.,Negative,Negative Sentiment
very disappointed.,Negative,Negative Sentiment
The phone takes FOREVER to charge like 2 to 5 hours literally.,Negative,Technical Issues
I got this phone on reccomendation from a relative and I'm glad I did.,Positive,Positive Sentiment
What a waste of time!,Negative,Purchase or Value Concerns
Its reception is very very poor.,Negative,Negative Sentiment
Items stated as included from the description ARE NOT INCLUDED.,Negative,Negative Sentiment
"After 3 months, screen just went black all of a sudden.",Negative,Negative Sentiment
I Was Hoping for More.,Negative,Negative Sentiment
"Audio Quality is poor, very poor.",Negative,Negative Sentiment
I had absolutely no problem with this headset linking to my 8530 Blackberry Curve!,Positive,Positive Sentiment
"I know that sounds funny, but to me it seemed like sketchy technology that wouldn't work well.Well, this one works great.",Positive,Positive Sentiment
I've bought $5 wired headphones that sound better than these.,Negative,Technical Issues
This phone is very fast with sending any kind of messages and web browsing is significantly faster than previous phones i have used.,Positive,Positive Sentiment
"Nice quality build, unlike some cheap s*** out there.",Positive,Positive Sentiment
This item is fantastic and works perfectly!,Positive,Positive Sentiment
And I just love the colors!,Positive,Positive Sentiment
W810i is just SUPERB.,Positive,Positive Sentiment
"All I can do is whine on the Internet, so here it goes.The more I use the thing the less I like it.",Negative,Negative Sentiment
Great charger.,Positive,Positive Sentiment
This is essentially a communications tool that does not communicate.,Negative,Negative Sentiment
Works like a charm; it work the same as the one I got with the phone.,Positive,Positive Sentiment
"I still maintain that monkeys shouldn't make headphones, we just obviously don't share enough DNA to copy the design over to humans.",Negative,Negative Sentiment
Great Value.,Positive,Positive Sentiment
Doesn't work at all.. I bougth it for my L7c and its not working.,Negative,Technical Issues
"The look of it is very sharp and the screen is nice and clear, with great graphics.",Positive,Positive Sentiment
doesn't last long.,Negative,Technical Issues
One thing I hate is the mode set button at the side.,Negative,Negative Sentiment
EXCELLENT SERVICE!!!!!!!!.,Positive,Positive Sentiment
Thank you for wasting my money.,Negative,Purchase or Value Concerns
How can that be?The audio quality is poor.,Negative,Negative Sentiment
The iGo chargers and tips are really great.,Positive,Positive Sentiment
The file browser offers all the options that one needs.Handsfree is great.,Positive,Positive Sentiment
Superb Phone on a Great Network.,Positive,Positive Sentiment
"I connected my wife's bluetooth,(Motorola HS850) to my phone and it worked like a charm whether the phone was in my pocket or the case.",Positive,Positive Sentiment
"I put the latest OS on it (v1.15g), and it now likes to slow to a crawl and lock up every once in a while.",Negative,Negative Sentiment
It only recognizes the Phone as its storage device.,Negative,Negative Sentiment
"If you like a loud buzzing to override all your conversations, then this phone is for you!",Negative,Negative Sentiment
Don't buy this product.,Negative,Purchase or Value Concerns
I've had this bluetoooth headset for some time now and still not comfortable with the way it fits on the ear.,Negative,Negative Sentiment
The sound quality is good and functionality is awesome.,Positive,Positive Sentiment
"I have this phone and it is a thorn in my side, I really abhor it.",Negative,Negative Sentiment
I recently had problems where I could not stay connected for more than 10 minutes before being disconnected.,Negative,Technical Issues
Incredible!.,Positive,Positive Sentiment
Design Flaw?.,Negative,Negative Sentiment
Great phone!.,Positive,Positive Sentiment
Waste of 13 bucks.,Negative,Purchase or Value Concerns
"But when I check voice mail at night, the keypad backlight turns off a few seconds into the first message, and then I'm lost.",Negative,Negative Sentiment
The replacement died in a few weeks.,Negative,Negative Sentiment
Any ring tone..Overall good phone to buy..,Positive,Positive Sentiment
Lately they have been extremely nice and helpful on the phone.,Positive,Positive Sentiment
I have had problems wit hit dropping signal and more.,Negative,Technical Issues
Not impressed.,Negative,Negative Sentiment
"Light weight, I hardly notice it is there.",Positive,Positive Sentiment
You'll love how thin it is.,Positive,Positive Sentiment
Bad Choice.,Negative,Negative Sentiment
The pleather case doesn't fit.,Negative,Technical Issues
"useless phone, simply deaf.",Negative,Negative Sentiment
"The color is even prettier than I thought it would be, and the graphics are incredibly sharp.",Positive,Positive Sentiment
All in all I think it was a good investment.,Positive,Positive Sentiment
It makes very strange ticking noises before it ends the call.,Negative,Negative Sentiment
The best electronics of the available FM Transmitters.,Positive,Positive Sentiment
Battery lasts only a few hours.,Negative,Technical Issues
"great headset, very impressed - H500.",Positive,Positive Sentiment
"The ""1.2"" mega pixel camera, being a part of a phone, is reasonably good7.",Positive,Positive Sentiment
I've had this for nearly 2 years and it has worked great for me.,Positive,Positive Sentiment
Good transmit audio.,Positive,Positive Sentiment
We are sending it back.,Negative,Negative Sentiment
I did not bother contacting the company for few dollar product but I learned the lesson that I should not have bought this form online anyway.,Negative,Negative Sentiment
"If you hate earbugs, avoid this phone by all means.",Negative,Negative Sentiment
Great price also!,Positive,Positive Sentiment
"The range is very decent, I've been able to roam around my house with the phone in the living room with no reception/sound quality issues.",Positive,Positive Sentiment
fast service.,Positive,Positive Sentiment
I would highly recommend this.,Positive,Positive Sentiment
I would recommend this.,Positive,Positive Sentiment
"I also didn't like the ""on"" button, it felt like it would crack with use.",Negative,Negative Sentiment
WORST PHONE EVER.,Negative,Negative Sentiment
I'm still infatuated with this phone.,Positive,Positive Sentiment
Freezes frequently4.,Negative,Negative Sentiment
It's kind of embarrassing to use because of how it looks and mostly it's embarrassing how child-like the company is.,Negative,Negative Sentiment
"Simple, lightweight and great fit.",Positive,Positive Sentiment
"All in all, I'd expected a better consumer experience from Motorola.",Negative,Negative Sentiment
There's a horrible tick sound in the background on all my calls that I have never experienced before.,Negative,Technical Issues
These are certainly very comfortable and functionality is decent.,Positive,Positive Sentiment
I usually don't like headbands but this one is very lightweight & doesn't mess up my hair.,Positive,Positive Sentiment
I'm a bit disappointed.,Negative,Negative Sentiment
"I have had this phone for over a year now, and I will tell you, its not that great.",Negative,Negative Sentiment
I ordered this for sony Ericsson W810i but I think it only worked once (thats when I first used it).,Negative,Negative Sentiment
The battery is completely useless to me.,Negative,Technical Issues
What a big waste of time.,Negative,Purchase or Value Concerns
Don't waste your $$$ on this one.,Negative,Purchase or Value Concerns
Great sound and service.,Positive,Positive Sentiment
Really pleased with this product so far.,Positive,Positive Sentiment
One of my favorite purchases ever.,Positive,Positive Sentiment
best bluetooth on the market.,Positive,Positive Sentiment
Authentic leather with nice shine and comfort .I recommend you this case !!,Positive,Positive Sentiment
I was very excited to get this headset because I thought it was really cute.,Positive,Positive Sentiment
Do not make the same mistake as me.,Negative,Negative Sentiment
Big Disappointment with calendar sync.,Negative,Negative Sentiment
the phone was unusable and was not new.,Negative,Negative Sentiment
Worst Customer Service Ever.,Negative,Negative Sentiment
"No additional ear gels provided, and no instructions whatsoever.",Negative,Negative Sentiment
It defeats the purpose of a bluetooth headset.,Negative,Negative Sentiment
Worth every penny.,Positive,Positive Sentiment
Excellent wallet type phone case.,Positive,Positive Sentiment
Nice headphones for the price and they work great!,Positive,Positive Sentiment
Internet is excrutiatingly slow.,Negative,Negative Sentiment
"It is very comfortable to wear as well, which is probably the most important aspect about using a case.",Positive,Positive Sentiment
"It's fits like a glove and is strong, secure, and durable.",Positive,Positive Sentiment
O my gosh the best phone I have ever had.,Positive,Positive Sentiment
It's very attractive and appears to be of good quality.,Positive,Positive Sentiment
I love all the features and form factor.,Positive,Positive Sentiment
This product had a strong rubber/petroleum smell that was unbearable after a while and caused me to return it,Negative,Purchase or Value Concerns
poor quality and service.,Negative,Negative Sentiment
"The cable looks so thin and flimsy, it is scary.",Negative,Negative Sentiment
Great Earpiece.,Positive,Positive Sentiment
Excellent hands free tool.,Positive,Positive Sentiment
Great for using with your home stereo.,Positive,Positive Sentiment
Good product - incredible value.,Positive,Positive Sentiment
Only had this a month but it's worked flawlessly so far.,Positive,Positive Sentiment
Works great.,Positive,Positive Sentiment
Absolutel junk.,Negative,Negative Sentiment
THAT one didn't work either.,Negative,Negative Sentiment
Battery life is real good.,Positive,Positive Sentiment
Returned 8 hours later.,Negative,Purchase or Value Concerns
It's a great item.,Positive,Positive Sentiment
Don't waste your money!.,Negative,Purchase or Value Concerns
Love this headset!,Positive,Positive Sentiment
"Not only will it drain your player, but may also potentially fry it.",Negative,Negative Sentiment
Worked perfectly!,Positive,Positive Sentiment
Unreliable - I'm giving up.,Negative,Negative Sentiment
I gave it 5 stars because of the sound quality.,Positive,Positive Sentiment
Avoid this one if you can.,Negative,Negative Sentiment
Reversible plug works great.,Positive,Positive Sentiment
I wasted my little money with this earpiece.,Negative,Purchase or Value Concerns
Very good phone.,Positive,Positive Sentiment
"Best of all is the rotating feature, very helpful.",Positive,Positive Sentiment
Comfort for our whole family.,Positive,Positive Sentiment
"Good product, good seller.",Positive,Positive Sentiment
I love this bluetooth!,Positive,Positive Sentiment
"First of all, it doesn't wear well.",Negative,Technical Issues
I am very impressed with this headset from Plantronics.,Positive,Positive Sentiment
I got it because it was so small and adorable.,Positive,Positive Sentiment
Great phone!.,Positive,Positive Sentiment
I wouldn't recommend buying this product.,Negative,Purchase or Value Concerns
Piece of Junk.,Negative,Negative Sentiment
Poorly contstruct hinge.,Negative,Negative Sentiment
"This item is great, installed it, let it charged up overnite and it has been working good every since with no problems",Positive,Positive Sentiment
Great Phone.,Positive,Positive Sentiment
Don't buy it.,Negative,Purchase or Value Concerns
Excellent Phone.,Positive,Positive Sentiment
DO NOT PURCHASE THIS PHONE.,Negative,Purchase or Value Concerns
The voice recognition thru the handset is excellent.,Positive,Positive Sentiment
This is hands down the best phone I've ever had.,Positive,Positive Sentiment
"Works great, when my cat attacked the phone he scratched the protective strip instead of destroying the screen.",Positive,Positive Sentiment
This one works and was priced right.,Positive,Positive Sentiment
Customer service was terrible.,Negative,Negative Sentiment
Battery life still not long enough in Motorola Razor V3i.,Negative,Technical Issues
Sending it back.,Negative,Negative Sentiment
Now I know that I made a wise decision.,Positive,Positive Sentiment
Someone shouldve invented this sooner.,Positive,Positive Sentiment
Good price.,Positive,Positive Sentiment
Everything worked on the first try.The device was certainly engineered in a clever way and the construction feels good.,Positive,Positive Sentiment
I received it quickly and it works great!!,Positive,Positive Sentiment
Has been working great.,Positive,Positive Sentiment
"As many people complained, I found this headset's microphone was very weak.",Negative,Negative Sentiment
My 5-year old Nokia 2160 from Tracfone holds the charge a lot better than this.,Negative,Technical Issues
They do not care about the consumer one bit.,Negative,Negative Sentiment
"This is a good battery, and it got here really fast.",Positive,Positive Sentiment
The instruction manual is lacking.,Negative,Negative Sentiment
Also its slim enough to fit into my alarm clock docking station without removing the case.,Positive,Positive Sentiment
Phone now holds charge like it did when it was new.,Positive,Positive Sentiment
The battery is unreliable as well as the service use antena.,Negative,Technical Issues
It's uncomfortable and the sound quality is quite poor compared with the phone (Razr) or with my previous wired headset (that plugged into an LG).,Negative,Technical Issues
We have gotten a lot of compliments on it.,Positive,Positive Sentiment
This is definitely a must have if your state does not allow cell phone usage while driving.,Positive,Positive Sentiment
I want my money back.,Negative,Purchase or Value Concerns
I love this device.,Positive,Positive Sentiment
I am also very happy with the price.,Positive,Positive Sentiment
I ordered this product first and was unhappy with it immediately.,Negative,Negative Sentiment
The Ngage is still lacking in earbuds.,Negative,Negative Sentiment
I was able to do voice dialing in the car with no problem.,Positive,Positive Sentiment
"I have 2-3 bars on my cell phone when I am home, but you cant not hear anything.",Negative,Negative Sentiment
"good item, low price.",Positive,Positive Sentiment
"However-the riingtones are not the best, and neither are the games.",Negative,Negative Sentiment
The plug did not work very well.,Negative,Technical Issues
AMAZON SUCKS.,Negative,Negative Sentiment
Rip off---- Over charge shipping.,Negative,Technical Issues
VERY comfortable.,Positive,Positive Sentiment
The battery is working well as a replacement for the original that came with the phone over 2 years ago.,Positive,Positive Sentiment
The reception is excellent!,Positive,Positive Sentiment
"It fits comfortably in either ear, the sound is clear and loud, and the charge lasts a couple of days.",Positive,Positive Sentiment
"very clear, quality sound and you don't have to mess with the sound on your iPod since you have the sound buttons on the headset.",Positive,Positive Sentiment
1. long lasting battery (you don't have to recharge it as frequentyly as some of the flip phones)2.,Negative,Technical Issues
Obviously there is a problem with the adhesive.,Negative,Technical Issues
Very disappointing.,Negative,Negative Sentiment
"It was an inexpensive piece, but I would still have expected better quality.",Negative,Purchase or Value Concerns
It is practically useless and did not add any kind of boost to my reception after I bought it.,Negative,Negative Sentiment
Excellent sound quality.,Positive,Positive Sentiment
Was not happy.,Negative,Negative Sentiment
A PIECE OF JUNK THAT BROKE AFTER BEING ON MY PHONE FOR 2 DAYS!!!,Negative,Negative Sentiment
New Battery works great in phone.,Positive,Positive Sentiment
Worst customer service.,Negative,Negative Sentiment
"I've dropped my phone more times than I can say, even on concrete and my phone is still great (knock on wood!).",Positive,Positive Sentiment
Reception is terrible and full of static.,Negative,Technical Issues
Good audio quality.,Positive,Positive Sentiment
This little device has transformed my organizational capability and made my life a whole lot easier.,Positive,Positive Sentiment
"I was sitting in my vehicle, with the cradle on my belt, and the headset lost signal.",Negative,Negative Sentiment
Were JERKS on the phone.,Negative,Negative Sentiment
Works like a charm.. Works as advertised.,Positive,Positive Sentiment
"Comfortable, Nice Range, Good Battery Life.",Positive,Positive Sentiment
Their network coverage in Los Angeles is horrible.,Negative,Negative Sentiment
Excellent starter wireless headset.,Negative,Negative Sentiment
"The loudspeaker option is great, the bumpers with the lights is very ... appealing.",Negative,Negative Sentiment
The only thing that I think could improve is the sound leaks out from the headset.,Negative,Technical Issues
"First off the reception sucks, I have never had more than 2 bars, ever.",Negative,Negative Sentiment
The phone gets EXTREMELY HOT!,Negative,Negative Sentiment
"The microphone also works well, but (according to people I have called) it applifies everything.",Positive,Positive Sentiment
Nice design and quality.,Positive,Positive Sentiment
"Also, if your phone is dropped, this case is not going to save it, specially when dropped face down.",Negative,Negative Sentiment
"It is light, easy to use, and has very clear reception and transmission.",Positive,Positive Sentiment
"bad fit, way too big.",Negative,Negative Sentiment
It definitely was not as good as my S11.,Positive,Positive Sentiment
awesome device.,Positive,Positive Sentiment
Waste of money.,Negative,Purchase or Value Concerns
"I had ordered a motorola data cable, got a very well finished and working product.",Positive,Positive Sentiment
Love This Phone.,Positive,Positive Sentiment
I was looking for this headset for a long time and now that I've got it I couldn't be happier.,Positive,Positive Sentiment
"I'll be drivng along, and my headset starts ringing for no reason.",Negative,Negative Sentiment
Display is excellent and camera is as good as any from that year.,Positive,Positive Sentiment
Battery life is also great!,Positive,Positive Sentiment
The worst phone I've ever had.... Only had it for a few months.,Negative,Negative Sentiment
Not a good item.. It worked for a while then started having problems in my auto reverse tape player.,Negative,Technical Issues
This is so embarassing and also my ears hurt if I try to push the ear plug into my ear.,Negative,Technical Issues
Protects the phone on all sides.,Positive,Positive Sentiment
This is a VERY average phone with bad battery life that operates on a weak network.,Negative,Technical Issues
"Clear Skype Calls, Long Battery Life, Long Range.",Positive,Positive Sentiment
Soyo technology sucks.,Negative,Negative Sentiment
Great Hands Free Device.,Positive,Positive Sentiment
"you can even take self portraits with the outside (exterior) display, very cool.",Positive,Positive Sentiment
Same problem as others have mentioned.,Negative,Technical Issues
After trying many many handsfree gadgets this is the one that finally works well.,Positive,Positive Sentiment
Magical Help.,Positive,Positive Sentiment
The worst piece of crap ever along with the Verizon customer service.,Negative,Negative Sentiment
Poor sound quality.,Negative,Technical Issues
The best phone in market :).,Positive,Positive Sentiment
It worked very well.,Positive,Positive Sentiment
The company shipped my product very promptly and it works well.,Positive,Positive Sentiment
Exactly what I wanted.,Positive,Positive Sentiment
The picture resolution is far below what other comparably-priced phones are offering today.,Negative,Purchase or Value Concerns
This is a great deal.,Positive,Positive Sentiment
"Excellent product, I am very satisfied with the purchase.",Positive,Positive Sentiment
I highly recommend these and encourage people to give them a try.,Positive,Positive Sentiment
Better than you'd expect.,Positive,Positive Sentiment
"Using all earpieces, left or right, this thing will not stay on my ear.",Negative,Negative Sentiment
Great product and price.,Positive,Positive Sentiment
"Sounds good reasonably priced and effective, Its that simple !",Positive,Positive Sentiment
Still Waiting...... I'm sure this item would work well.. if I ever recieve it!,Negative,Negative Sentiment
what a disappointment,Negative,Negative Sentiment
Very prompt service.,Positive,Positive Sentiment
Excellent product for the price.,Positive,Positive Sentiment
Very pleased with this headset.,Positive,Positive Sentiment
don't waste your money and time.,Negative,Purchase or Value Concerns
I especially love the long battery life.,Positive,Positive Sentiment
"It's so stupid to have to keep buying new chargers, car chargers, cradles, headphones and car kits every time a new phone comes out.",Negative,Technical Issues
Works great.,Positive,Positive Sentiment
Plantronics Bluetooth Excelent Buy.,Positive,Positive Sentiment
I came over from Verizon because cingulair has nicer cell phones.... the first thing I noticed was the really bad service.,Negative,Negative Sentiment
I'll be looking for a new earpiece.,Negative,Negative Sentiment
I highly recommend this device to everyone!,Positive,Positive Sentiment
Jawbone Era is awesome too!,Positive,Positive Sentiment
We received a WHITE colored battery that goes DEAD after a couple hoursTHe original used to last a week - but still lasts longer than thereplacement,Negative,Technical Issues
After a year the battery went completely dead on my headset.,Negative,Technical Issues
"I have used several phone in two years, but this one is the best.",Positive,Positive Sentiment
An Awesome New Look For Fall 2000!.,Positive,Positive Sentiment
This is the first phone I've had that has been so cheaply made.,Negative,Negative Sentiment
"Att is not clear, sound is very distorted and you have to yell when you talk.",Negative,Technical Issues
The plastic breaks really easy on this clip.,Negative,Negative Sentiment
Price is good too.,Positive,Positive Sentiment
Don't make the same mistake I did.,Negative,Negative Sentiment
Oh and I forgot to also mention the weird color effect it has on your phone.,Negative,Negative Sentiment
I'm using it with an iriver SPINN (with case) and it fits fine.,Positive,Positive Sentiment
Also the area where my unit broke).- I'm not too fond of the magnetic strap.,Negative,Negative Sentiment
"Overall, I am psyched to have a phone which has all my appointments and contacts in and gets great reception.",Positive,Positive Sentiment
"every thing on phone work perfectly, she like it.",Positive,Positive Sentiment
"Another note about this phone's appearance is that it really looks rather bland, especially in the all black model.",Negative,Negative Sentiment
IT'S REALLY EASY.,Positive,Positive Sentiment
My Sanyo has survived dozens of drops on blacktop without ill effect.,Positive,Positive Sentiment
Fantastic earphones.,Positive,Positive Sentiment
It finds my cell phone right away when I enter the car.,Positive,Positive Sentiment
Low Quality.,Negative,Negative Sentiment
I highly recommend this modest priced cellular phone.,Positive,Positive Sentiment
But it does get better reception and clarity than any phone I've had before.,Positive,Positive Sentiment
Warning - Stay away.,Negative,Negative Sentiment
I wish I could return the unit and get back my money.,Negative,Purchase or Value Concerns
Awsome Device Works Great!!.,Positive,Positive Sentiment
I used to talk on it for 1 - 1 1/2 hours and the battery would be literally drained and dying.,Negative,Technical Issues
"If you don't find it, too bad, as again the unit comes with one earpad only.I would not recommend this to anyone.",Negative,Negative Sentiment
Very Displeased.,Negative,Negative Sentiment
"I might have gotten a defect, but I would not risk buying it again because of the built quality alone.",Negative,Purchase or Value Concerns
They made this case too small and is very difficult to install.,Negative,Negative Sentiment
Restored my phone to like new performance.,Positive,Positive Sentiment
"I would recommend purchasing the Jabra JX-10 series 2 which works flawlessly with my Moto Q, go figure.",Positive,Positive Sentiment
"I searched the Internet, and found this one to be the best value.",Positive,Positive Sentiment
Does not fit.,Negative,Negative Sentiment
Very happy with this product.,Positive,Positive Sentiment
"The screen size is big, key pad lit well enough, and the camera quality is excellent for a camera phone.",Positive,Positive Sentiment
There's really nothing bad I can say about this headset.,Negative,Negative Sentiment
"i'm glad i found this product on amazon it is hard to find, it wasn't high priced.",Positive,Positive Sentiment
Portable and it works.,Positive,Positive Sentiment
"My colleague & I now get great reception.A little expensive, but performance is great.",Positive,Positive Sentiment
I even fully charged it before I went to bed and turned off blue tooth and wi-fi and noticed that it only had 20 % left in the morning.,Negative,Technical Issues
I've also had problems with the phone reading the memory card in which I always turn it on and then off again.,Negative,Technical Issues
Not good when wearing a hat or sunglasses.,Negative,Negative Sentiment
Timely shipment and quality product.,Positive,Positive Sentiment
Nice solid keyboard.,Positive,Positive Sentiment
Very well made and fits my Surefire GX2 perfectly.,Positive,Positive Sentiment
Horrible phone.,Negative,Negative Sentiment
BT50 battery junk!.,Negative,Technical Issues
We would recommend these to others.,Positive,Positive Sentiment
Cant get the software to work with my computer.,Negative,Negative Sentiment
Disappointed!.,Negative,Negative Sentiment
poor voice clarity.,Negative,Negative Sentiment
The battery works great!,Positive,Positive Sentiment
No buyers remorse on this one!.,Negative,Purchase or Value Concerns
Very disappointed in AccessoryOne.,Negative,Negative Sentiment
I find this inexcusable and so will probably be returning this phone and perhaps changing carriers.,Negative,Purchase or Value Concerns
"Looks great and is strong.""",Positive,Positive Sentiment
"I have had TMobile service for 2 or 3 years now, and I am pretty happy with it.",Positive,Positive Sentiment
The update procedure is difficult and cumbersome.,Negative,Negative Sentiment
Disappointment.. I hate anything that goes in my ear.,Negative,Negative Sentiment
Great software for Motorolas.,Positive,Positive Sentiment
The delivery was on time.,Positive,Positive Sentiment
Very easy to use.,Positive,Positive Sentiment
"Uncomfortable In the Ear, Don't use with LG VX9900 (EnV).",Negative,Negative Sentiment
The volume switch rocketed out of the unit to a destination unknown.,Negative,Technical Issues
"It holds a charge for a long time, is reasonably comfortable under long-wearing conditions and the quality of sound is tremendous.",Positive,Positive Sentiment
I'd like to return it.,Negative,Purchase or Value Concerns
The keyboard is really worthwhile in usefulness and is sturdy enough I don't expect any problems.,Positive,Positive Sentiment
"Verizon's bills, however, are difficult to understand even though their pricing plans are simple.",Negative,Negative Sentiment
"After charging overnight, these batteries work great.",Positive,Positive Sentiment
You won't regret it!,Positive,Positive Sentiment
I love this phone!.,Positive,Positive Sentiment
A Disappointment.,Negative,Negative Sentiment
Its not user friendly.,Negative,Negative Sentiment
Unfortunately the ability to actually know you are receiving a call is a rather important feature and this phone is pitiful in that respect.,Negative,Negative Sentiment
"Then I exchanged for the same phone, even that had the same problem.",Negative,Technical Issues
This results in the phone being either stuck at max volume or mute.,Negative,Technical Issues
This PDA rocks.,Positive,Positive Sentiment
"It is super charged up for use as a small hybrid palmtop/camera/cellphone, and excels in those roles.",Positive,Positive Sentiment
"I would definitely recommend the Jabra BT250v for those who are looking for comfort, clarity and a great price!",Positive,Positive Sentiment
I had Verizon 2 years ago and really liked their service.,Positive,Positive Sentiment
Pretty piece of junk.,Negative,Negative Sentiment
Plug was the wrong size.,Negative,Technical Issues
Works as described.,Positive,Positive Sentiment
Save your money.... I've had this item for 11 months now.,Negative,Purchase or Value Concerns
Bad Purchase.,Negative,Purchase or Value Concerns
WELL IM SATISFIED.,Positive,Positive Sentiment
"The bose noise cancelling is amazing, which is very important for a NYC commuter.",Positive,Positive Sentiment
This battery is an excellent bargain!,Positive,Positive Sentiment
Defective crap.,Negative,Negative Sentiment
I would have given no star if I was able.,Negative,Negative Sentiment
I wear glasses and it fits fine with them.,Positive,Positive Sentiment
"The sound quality for the device is unacceptable.Unless you are in a really quiet area, you almost hear nothing.",Negative,Technical Issues
I would not recommend this item to anyone.,Negative,Negative Sentiment
The holster that arrived did not match the photo in the ad.,Negative,Negative Sentiment
great...no problems at all!.,Positive,Positive Sentiment
"As an earlier review noted, plug in this charger and nothing happens.",Negative,Technical Issues
This frog phone charm is adorable and very eye catching.,Positive,Positive Sentiment
You never know if you pushed it hard enough or the right number of times for the function you want or not.,Negative,Negative Sentiment
The sound is clear and the people I talk to on it are amazed at the quality too.,Positive,Positive Sentiment
I got the aluminum case for my new Palm VX and it worked really well--it has protected my handheld perfectly so far.,Positive,Positive Sentiment
"very good product, well made.",Positive,Positive Sentiment
Mobile Phone Tools are a must have.,Positive,Positive Sentiment
I am very impressed with the job that Motorola did on the sturdiness of this phone.,Positive,Positive Sentiment
"I received my orders well within the shipping timeframe, everything was in good working order and overall, I am very excited to have this source.",Positive,Positive Sentiment
The phone is sturdy and waterproof.,Positive,Positive Sentiment
I am not impressed with this and i would not recommend this item to anyone.,Negative,Negative Sentiment
My only complaint is the standard sound volume is a little low even when turned up to 5(of 5),Negative,Technical Issues
Thanks again to Amazon for having the things I need for a good price!,Positive,Positive Sentiment
I ended up sliding it on the edge of my pants or back pockets instead.,Positive,Positive Sentiment
I had to go to a store and bought a new NOKIA phone which is working great.,Positive,Positive Sentiment
Works great!.,Positive,Positive Sentiment
REALLY UGLY.,Negative,Negative Sentiment
"horrible, had to switch 3 times.",Negative,Negative Sentiment
The noise shield is incrediable.,Positive,Positive Sentiment
No real improvement.,Negative,Negative Sentiment
Razr Battery - Good buy.,Positive,Positive Sentiment
Keep up the good work Amazon!!,Positive,Positive Sentiment
They refuse to refund or replace.,Negative,Purchase or Value Concerns
Unfortunately it's easy to accidentally activate them with the gentle-touch buttons if you accidentally touch the phone to your face while listening.,Negative,Negative Sentiment
So I basically threw my money out the window for nothing.,Negative,Purchase or Value Concerns
Great case and price!,Positive,Positive Sentiment
All it took was one drop from about 6 inches above the kitchen counter and it was cracked.I am not impressed and I am not laughing.,Negative,Negative Sentiment
"Bluetooth range is good - a few days ago I left my phone in the trunk, got a call, and carried the conversation without a hitch.",Positive,Positive Sentiment
"Small, sleek, impressive looking, practical setup with ample storage in place.",Positive,Positive Sentiment
The eargels channel the sound directly into your ear and seem to increase the sound volume and clarity.,Positive,Positive Sentiment
none of the new ones have ever quite worked properly.,Negative,Negative Sentiment
I am glad I purchased it.,Positive,Positive Sentiment
I've missed numerous calls because of this reason.,Negative,Negative Sentiment
"Perhaps my phone is defective, but people cannot hear me when I use this.",Negative,Negative Sentiment
Don't buy this product.,Negative,Purchase or Value Concerns
"sucked, most of the stuff does not work with my phone.",Negative,Technical Issues
"No shifting, no bubbling, no peeling, not even a scratch, NOTHING!I couldn't be more happier with my new one for the Droid.",Positive,Positive Sentiment
Worst software ever used.... If I could give this zero stars I would.,Negative,Negative Sentiment
Trying to make a call on these is an exercise in frustration.,Negative,Negative Sentiment
The case is a flimsy piece of plastic and has no front or side protection whatsoever.,Negative,Negative Sentiment
"I own a Jabra Earset and was very happy with it, but the sound quality, especially outgoing, on this is better.",Positive,Positive Sentiment
"I love the camera, it's really pretty good quality.",Positive,Positive Sentiment
Thank you for such great service.,Positive,Positive Sentiment
Its a total package.,Positive,Positive Sentiment
"The seller is very understanding and patient, I would definitely buy from them again.",Positive,Positive Sentiment
I give Wirefly 1 star.I will contact Cingular/AT&T; and inform them of this practice.,Negative,Negative Sentiment
It's AGGRAVATING!,Negative,Negative Sentiment
Great product for the price!.,Positive,Positive Sentiment
"I have purchased these for both family and friends, and all enjoy their clarity and ease of use",Positive,Positive Sentiment
Virgin Wireless rocks and so does this cheap little phone!,Positive,Positive Sentiment
"None of it works, just don't buy it.",Negative,Purchase or Value Concerns
"Muddy, low quality sound, and the casing around the wire's insert was poorly super glued and slid off.",Negative,Technical Issues
Please dont waste your money.,Negative,Purchase or Value Concerns
"All in all, I'm quite satisfied with this purchase.",Positive,Positive Sentiment
"If you are looking for a good quality Motorola Headset keep looking, this isn't it.",Negative,Negative Sentiment
Yet Plantronincs continues to use the same flawed charger design.,Negative,Technical Issues
Disapointing Results.,Negative,Negative Sentiment
Cumbersome design.,Negative,Negative Sentiment
"Great it was new packaged nice works good, no problems and it came in less time then I expected!!!!",Positive,Positive Sentiment
Great Product.,Positive,Positive Sentiment
It's A PIECE OF CRAP!,Negative,Negative Sentiment
"My experience was terrible..... This was my fourth bluetooth headset, and while it was much more comfortable than my last Jabra (which I HATED!!!",Negative,Negative Sentiment
This fixes all the problems.,Positive,Positive Sentiment
Worst ever.,Negative,Negative Sentiment
I am very happy,Positive,Positive Sentiment
"I've had no trouble accessing the Internet, downloading ringtones or performing any of the functions.",Positive,Positive Sentiment
"I can barely ever hear on it and am constantly saying ""what?""",Negative,Negative Sentiment
The battery life is highly unacceptable.,Negative,Technical Issues
That company is a joke.,Negative,Negative Sentiment
It does everything the description said it would.,Positive,Positive Sentiment
Due to this happening on every call I was forced to stop using this headset.,Negative,Negative Sentiment
"It works great with a car charger, especially if you cannot plug in two adapters at the same time.",Positive,Positive Sentiment
"Verizon tech support walked my through a few procedures, none of which worked and I ended up having to do a hard re-set, wiping out all my data.",Negative,Negative Sentiment
"Voice Quality, Signal Strength, Dropped Calls.",Negative,Negative Sentiment
"It plays louder than any other speaker of this size; the price is so low that most would think the quality is lacking, however, it's not.",Positive,Positive Sentiment
Better than expected.,Positive,Positive Sentiment
"It feels poorly constructed, the menus are difficult to navigate, and the buttons are so recessed that it is difficult to push them.",Negative,Negative Sentiment
Battery is holding up well.,Positive,Positive Sentiment
Also difficult to put on.I'd recommend avoiding this product.,Negative,Negative Sentiment
"I only used it two days, and it wasn't always easy to hear with.",Negative,Negative Sentiment
I got the car charger and not even after a week the charger was broken...I went to plug it in and it started smoking.,Negative,Technical Issues
Sprint - terrible customer service.,Negative,Negative Sentiment
Linked to my phone without effort.,Positive,Positive Sentiment
THey are so cool!,Positive,Positive Sentiment
Easy to use.,Positive,Positive Sentiment
Better Than New.,Positive,Positive Sentiment
"What possesed me to get this junk, I have no idea...",Negative,Negative Sentiment
Piece of trash.,Negative,Negative Sentiment
A pretty good product.,Positive,Positive Sentiment
This is a great phone!.,Positive,Positive Sentiment
"For the price on Amazon, it is an excellent product, which I would highly recommend.",Positive,Positive Sentiment
Their Research and Development division obviously knows what they're doing.,Positive,Positive Sentiment
"The real killer is the volume, and of course it breaking.",Negative,Technical Issues
Those phones are working just fine now.,Positive,Positive Sentiment
I am more than happy with this product.,Positive,Positive Sentiment
Poor Construction.,Negative,Negative Sentiment
This is infuriating.,Negative,Negative Sentiment
"Overall, I would recommend this phone over the new Walkman.",Positive,Positive Sentiment
Sprint charges for this service.,Negative,Technical Issues
"It is cheap, and it feel and look just as cheap.",Negative,Negative Sentiment
It fits my ear well and is comfortable on.,Positive,Positive Sentiment
It doesn't work in Europe or Asia.,Negative,Technical Issues
clipping this to your belt will deffinitely make you feel like 50 cent's up-and-coming.,Positive,Positive Sentiment
I like design and look of Jabra behing the ear headsets and 5020 is pretty comfortible to wear 24 hours a day without pain in the ear.,Positive,Positive Sentiment
I was amazed at the quick arrival of the two original lg cell phone batteries and and at a fraction of the price.,Positive,Positive Sentiment
the worst phone from samsung...crap..... this crappy Samsung E715.. is the worst i have ever seeen.,Negative,Negative Sentiment
the charger worked for about a week and then completely stopped charging my phone.,Negative,Technical Issues
Poor product.,Negative,Negative Sentiment
However I needed some better instructions.,Negative,Negative Sentiment
You need two hands to operate the screen.This software interface is decade old and cannot compete with new software designs.,Negative,Negative Sentiment
Worked very well paired with a Treo 700w and as a Skype headset on my PC (using a USB Bluetooth transceiver).,Positive,Positive Sentiment
"Steer clear of this product and go with the genuine Palm replacementr pens, which come in a three-pack.",Negative,Negative Sentiment
DO NOT BUY DO NOT BUYIT SUCKS,Negative,Purchase or Value Concerns
This is a great product..... sure beats using your fingers!.,Positive,Positive Sentiment
"Plus, I seriously do not believe it is worth its steep price point.",Negative,Purchase or Value Concerns
All the other cases I've tried normally fall apart after a few months but this one seems to be in for the long haul.,Positive,Positive Sentiment
Very Dissapointing Performance.,Negative,Negative Sentiment
Don't make the same mistake that I did and please don't buy this phone.,Negative,Purchase or Value Concerns
This phone might well be the worst I've ever had in any brand.,Negative,Negative Sentiment
Case was more or less an extra that I originally put on but later discarded because it scratched my ear.,Negative,Negative Sentiment
I recommend iGo to anyone with different brand cell phones/mp3 players in the family.,Positive,Positive Sentiment
Don't bother - go to the store.,Negative,Negative Sentiment
"I posted more detailed comments under the grey or black phone, but i have the Fire Red and it's a great color!",Positive,Positive Sentiment
I did not have any problem with this item and would order it again if needed.,Positive,Positive Sentiment
You get what you pay for I guess.,Negative,Negative Sentiment
"Not only did the software do a great job of this, I could also make my own ringtones form my existing CDs without an internet connection.",Positive,Positive Sentiment
im surprised this is a good quality car charger and there's not much reviews about it.,Positive,Positive Sentiment
These are fabulous!,Positive,Positive Sentiment
"However, BT headsets are currently not good for real time games like first-person shooters since the audio delay messes me up.",Negative,Negative Sentiment
I used bitpim (a free program you can find on the internet)to transfer data to the phone.The price of the cable was excellent.,Positive,Positive Sentiment
Disappointing accessory from a good manufacturer.,Negative,Negative Sentiment
"Performed awful -- muffled, tinny incoming sound and severe echo for those on the other end of the call.",Negative,Technical Issues
Very wind-resistant.,Positive,Positive Sentiment
"Obviously they have a terrible customer service, so you get what you pay for.",Negative,Negative Sentiment
"They do not last forever, but is not overly expensive to replace.Easy to operate and the sound is much better than others I have tried.",Positive,Positive Sentiment
"I contacted the company and they told me that, although the unit was still under warranty, if I couldn't produce my receipt I was out of luck.",Negative,Negative Sentiment
Linksys should have some way to exchange a bad phone for a refurb unit or something!,Negative,Negative Sentiment
Phone is sturdy as all nokia bar phones are.,Positive,Positive Sentiment
Great phone.,Positive,Positive Sentiment
"When I placed my treo into the case, not only was it NOT snug, but there was A LOT of extra room on the sides.",Negative,Negative Sentiment
I'm pleased.,Positive,Positive Sentiment
Battery is terrible.,Negative,Technical Issues
I found the product to be easy to set up and use.,Positive,Positive Sentiment
The earpiece on this is too large or too heavy...it keeps falling out of my ear.,Negative,Negative Sentiment
Utter crap.. Sound quality is TERRIBLE.,Negative,Technical Issues
"The charger arrived within the promised timeframe, but it did not work.",Negative,Technical Issues
"No ear loop needed, it's tiny and the sound is great.",Positive,Positive Sentiment
"Finally, after three or four times the spring of the latch broke and I could not use it any longer on the visor.",Negative,Negative Sentiment
"The handsfree part works fine, but then the car tries to download the address book, and the Treo reboots.Overall, I still rate this device high.",Positive,Positive Sentiment
Talk about USELESS customer service.,Negative,Negative Sentiment
"It felt too light and ""tinny."".",Negative,Negative Sentiment
This does not fit the Palm Tungsten E2 and it broke the first time I tried to plug it in.,Negative,Technical Issues
I'm happy about this purchase- good quality and low price.,Positive,Positive Sentiment
I love the look and feel of Samsung flipphones.,Positive,Positive Sentiment
Its well-designed and very sharp -- the blue is a very nice color.,Positive,Positive Sentiment
Does everything it should and more.,Positive,Positive Sentiment
I could not recommend these more.,Negative,Negative Sentiment
Nice Sound.,Positive,Positive Sentiment
"Looks good in the picture, but this case was a huge disappointment!!",Negative,Negative Sentiment
Much less than the jawbone I was going to replace it with.,Positive,Positive Sentiment
Setup went very smoothly.,Positive,Positive Sentiment
its extremely slow and takes forever to do anything with it.,Negative,Negative Sentiment
"A must study for anyone interested in the ""worst sins"" of industrial design.",Negative,Negative Sentiment
The first thing that happened was that the tracking was off.,Negative,Negative Sentiment
"It is well made, easy to access the phone and has a handy, detachable belt clip.",Positive,Positive Sentiment
Then I had to continue pairing it periodically since it somehow kept dropping.,Negative,Negative Sentiment
Can't upload ringtones from a third party.,Negative,Negative Sentiment
"Bluetooth does not work, phone locks up, screens just flash up and now it just makes calls randomly while in my pocket locked.",Negative,Technical Issues
Truly awful.,Negative,Negative Sentiment
"It works fine on my Motorola 325 cellphone, and a lot better than the worn-out battery did.",Positive,Positive Sentiment
The volume for the ringer is REAL good (you have choices how loud).,Positive,Positive Sentiment
And none of the tones is acceptable.,Negative,Negative Sentiment
camera color balance is AWFUL.,Negative,Negative Sentiment
"This product is clearly not ready for prime time, I don't care how cool it looks, if you can't tell a call is coming in it's worthless.",Negative,Negative Sentiment
I love the ringtones because they are so upbeat!,Positive,Positive Sentiment
Chinese Forgeries Abound!.,Negative,Negative Sentiment
Easy to pair with my Samsung Cell.,Positive,Positive Sentiment
The instructions didn't explain that a microphone jack could be used.,Negative,Negative Sentiment
i would advise to not purchase this item it never worked very well.,Negative,Purchase or Value Concerns
Too bad you have to pay up to $$$ a month for the service!,Negative,Negative Sentiment
Works well.,Positive,Positive Sentiment
The nokia CA-42 USB cable did not work with my phone.,Negative,Technical Issues
Clear crisp sound.,Positive,Positive Sentiment
"I have to use the smallest earpieces provided, but it stays on pretty well.",Positive,Positive Sentiment
"The biggest complaint I have is, the battery drains superfast.",Negative,Technical Issues
The design might be ergonomic in theory but I could not stand having these in my ear.,Negative,Negative Sentiment
Do NOT buy if you want to use the holster.,Negative,Purchase or Value Concerns
The phone can also take great pictures and even video clips.,Positive,Positive Sentiment
It doesn't make you look cool.,Negative,Technical Issues
"Because both ears are occupied, background is not distracting at all.",Positive,Positive Sentiment
"Comfortable fit - you need your headset to be comfortable for at least an hour at a time, if not for an entire day.",Positive,Positive Sentiment
"Also, the phone doesn't seem to accept anything except CBR mp3s, preferably ripped by Windows Media Player.",Negative,Technical Issues
You can't beat the price on these.,Positive,Positive Sentiment
"* Comes with a strong light that you can use to light up your camera shots, and even flash SOS signals (seriously!",Positive,Positive Sentiment
lightweight and works well.,Positive,Positive Sentiment
So just beware.,Negative,Negative Sentiment
I love this cable - it allows me to connect any mini-USB device to my PC.,Positive,Positive Sentiment
So anyone near you will hear part of your conversation.,Negative,Negative Sentiment
This is cool because most cases are just open there allowing the screen to get all scratched up.,Positive,Positive Sentiment
I bought this phone as a replacement for my StarTac and have regretted it since.,Negative,Negative Sentiment
Appears to actually outperform the original battery from China that came with my V325i.,Positive,Positive Sentiment
Can't store anything but phone numbers to SIM.,Negative,Negative Sentiment
"It lasts less than 3o minutes, if I actually try to use the phone.My wife has the same phone with the same problem.",Negative,Technical Issues
Poor quality.,Negative,Negative Sentiment
"jabra ear gels ""R"" the best!.",Positive,Positive Sentiment
Not worth it.,Negative,Negative Sentiment
The phone crashed completely and now I have to get it replaced.,Negative,Negative Sentiment
"It quit working after I'd used it for about 18 months, so I just purchased another one because this is the best headset I've ever owned.",Positive,Positive Sentiment
"Unfortunately it will not recharge my iPhone 4s, despite connecting it from multiple power sources (iMac, external battery, wall outlet, etc).",Negative,Technical Issues
It was a great phone.,Positive,Positive Sentiment
if you simply want a small flip phone -- look elsewhere as the extra bells & whistles are mediocre.,Negative,Negative Sentiment
"Good value, works fine - power via USB, car, or wall outlet.",Positive,Positive Sentiment
My phone doesn't slide around my car now and the grip prevents my phone from slipping out of my hand.,Positive,Positive Sentiment
This is simply the BEST bluetooth headset for sound quality!,Positive,Positive Sentiment
Think it over when you plan to own this one!This sure is the last MOTO phone for me!,Negative,Negative Sentiment
"In the span of an hour, I had two people exclaim ""Whoa - is that the new phone on TV?!?",Positive,Positive Sentiment
I have always used corded headsets and the freedom from the wireless is very helpful.,Positive,Positive Sentiment
"This case has passed the one year mark and while it shows signs of wear, it is 100% functional.",Positive,Positive Sentiment
"Other than that, the leather is nice and soft; the fit is very tight; the cut out for the face is a good shape.",Positive,Positive Sentiment
It has everything I need and I couldn't ask for more.,Positive,Positive Sentiment
After receiving and using the product for just 2 days it broke.,Negative,Negative Sentiment
This product is great... it makes working a lot easier I can go to the copier while waiting on hold for something.,Positive,Positive Sentiment
None of the three sizes they sent with the headset would stay in my ears.,Negative,Negative Sentiment
T-Mobile has the best customer service anywhere.,Positive,Positive Sentiment
Arrived quickly and much less expensive than others being sold.,Positive,Positive Sentiment
We have tried 2 units and they both failed within 2 months.. Pros,Negative,Technical Issues
"Provides good protection and looks classy, too.",Positive,Positive Sentiment
Krussel Always good.,Positive,Positive Sentiment
"The tracfonewebsite is user friendly and makes it easy toactivate, etc.",Positive,Positive Sentiment
The design is very good.4.,Positive,Positive Sentiment
I great reception all the time.,Positive,Positive Sentiment
I would highly recommend this product.,Positive,Positive Sentiment
"Couldn't use the unit with sunglasses, not good in Texas!",Negative,Negative Sentiment
It dit not work most of the time with my Nokia 5320.,Negative,Technical Issues
"Bought mainly for the charger, which broke soon after purchasing.",Negative,Technical Issues
"If you like a loud buzzing to override all your conversations, then this phone is for you!",Negative,Negative Sentiment
Fantastic buy and will get again for whatever my next phone is,Positive,Positive Sentiment
"stay away from this store, be careful.",Negative,Negative Sentiment
This BlueAnt Supertooth hands-free phone speaker is AWESOME.,Positive,Positive Sentiment
Does not fit.,Negative,Negative Sentiment
.... Item arrived quickly and works great with my Metro PCS Samsung SCH-r450 slider phone and Sony Premium Sound in ear plugs.,Positive,Positive Sentiment
"It is light, has plenty of battery capacity, and is very confortable to wear for somewhat extended periods of time.",Positive,Positive Sentiment
disappointing.,Negative,Negative Sentiment
Blue Ant is easy to use.,Positive,Positive Sentiment
Cheap but hey it works.. Was pleasantly suprised given the low cost of this item.,Positive,Positive Sentiment
The camera on the phone may be used as a dustpan when indoors... I'd rather be using a disposable then this.,Negative,Negative Sentiment
Then a few days later the a puff of smoke came out of the phone while in use.,Negative,Negative Sentiment
It's very convenient and simple to use - gets job done & makes the car ride so much smoother.,Positive,Positive Sentiment
The nano stated it.My son was dissapointed.,Negative,Negative Sentiment
The sound quality is excellent as well.,Positive,Positive Sentiment
Its the best headset I have used.,Positive,Positive Sentiment
Would not reccommend.,Negative,Negative Sentiment
They have been around for years and carries the highest quality of anti-glare screen protector that I have found to date.,Positive,Positive Sentiment
Just what I wanted.,Positive,Positive Sentiment
This particular model would not work with my Motorola Q smartphone.,Negative,Technical Issues
wont work right or atleast for me.,Negative,Negative Sentiment
in addition it feels &amp; looks as if the phone is all lightweight cheap plastic.,Negative,Negative Sentiment
"But now that it is ""out of warranty"" the same problems reoccure.Bottom line... put your money somewhere else... Cingular will not support it.",Negative,Technical Issues
"I really wanted the Plantronics 510 to be the right one, but it has too many issues for me.The good",Negative,Technical Issues
Great product.,Positive,Positive Sentiment
Crisp and Clear.,Positive,Positive Sentiment
AFter the first charge kept going dead after 12 minutes.,Negative,Technical Issues
"VERY cheap plastic, creaks like an old wooden floor.",Negative,Negative Sentiment
"I get absolutely horrible reception in my apartment, where with other phones I have not had this problem.",Negative,Technical Issues
The reception has been generally good.,Positive,Positive Sentiment
"Excellent sound, battery life and inconspicuous to boot!.",Positive,Positive Sentiment
Great bluetooth!.,Positive,Positive Sentiment
I highly recommend this case.,Positive,Positive Sentiment
WORTHWHILE.,Positive,Positive Sentiment
This is a great deal.,Positive,Positive Sentiment
"After my phone got to be about a year old, it's been slowly breaking despite much care on my part.",Negative,Negative Sentiment
I am sorry I made this purchase.,Negative,Purchase or Value Concerns
I bought these hoping I could make my Bluetooth headset fit better but these things made it impossible to wear.,Negative,Negative Sentiment
Treo and T-Mobile refused to replace it again and forced me to buy another phone without any kind of upgrade discount.,Negative,Purchase or Value Concerns
It was horrible!.,Negative,Negative Sentiment
I don't think it would hold it too securly on your belt.,Negative,Negative Sentiment
This allows the possibility of double booking for the same date and time after the first.,Negative,Negative Sentiment
They work about 2 weeks then break.,Negative,Negative Sentiment
It is simple to use and I like it.,Positive,Positive Sentiment
"It's a great tool for entertainment, communication, and data management.Oh, be sure to use ActiveSync 4.2 for optimal data synchronization results!",Positive,Positive Sentiment
I can't use this case because the smell is disgusting.,Negative,Negative Sentiment
NOT WHAT I WANTED.,Negative,Negative Sentiment
I own 2 of these cases and would order another.,Positive,Positive Sentiment
Great Phone.,Positive,Positive Sentiment
I bought this battery with a coupon from Amazon and I'm very happy with my purchase.,Positive,Positive Sentiment
"The internet access was fine, it the rare instance that it worked.",Negative,Negative Sentiment
Perfect for the PS3.,Positive,Positive Sentiment
"Five star Plus, plus.",Positive,Positive Sentiment
A good quality bargain.. I bought this after I bought a cheapy from Big Lots that sounded awful and people on the other end couldn't hear me.,Positive,Positive Sentiment
$50 Down the drain.,Negative,Negative Sentiment
I tried talking real loud but shouting on the telephone gets old and I was still told it wasn't great.,Negative,Negative Sentiment
"Good , works fine.",Positive,Positive Sentiment
For the price this was a great deal.,Positive,Positive Sentiment
"Great price, too!",Positive,Positive Sentiment
"If there is a wind, it is completely useless.",Negative,Negative Sentiment
Yes it's shiny on front side - and I love it!,Positive,Positive Sentiment
Does Not Work.,Negative,Technical Issues
"At first I thought I was grtting a good deal at $7.44, until I plugged it into my phone (V3c Razr).",Negative,Technical Issues
The reception through this headset is excellent.,Positive,Positive Sentiment
2 thumbs up to this seller,Positive,Positive Sentiment
"I have a Verizon LG phone and they work well together, good reception and range that exceeds 20 feet line of sight.",Positive,Positive Sentiment
Improper description.... I had to return it.,Negative,Purchase or Value Concerns
#1 It Works - #2 It is Comfortable.,Positive,Positive Sentiment
Battery charge-life is quite long.,Positive,Positive Sentiment
The Jabra EarGels fit my ears very well.,Positive,Positive Sentiment
Battery has no life.,Negative,Technical Issues
I checked everywhere and there is no feature for it which is really disappointing.,Negative,Negative Sentiment
Product is exactly as described.,Positive,Positive Sentiment
Gets a signal when other Verizon phones won't.,Positive,Positive Sentiment
Doesn't do the job.,Negative,Technical Issues
I would recommend it.,Positive,Positive Sentiment
Plan on ordering from them again and again.,Positive,Positive Sentiment
"That being said, for a phone, the camera is very nice; many cool effects to play with, and video is decent as well.",Positive,Positive Sentiment
I have been very satisfied with this cell phone from day one.,Positive,Positive Sentiment
They keep getting better and better (this is my third one and I've had numerous Palms too).,Positive,Positive Sentiment
Awkward to use and unreliable.,Negative,Negative Sentiment
The shipping time was also very quick!,Positive,Positive Sentiment
Not as good as I had hoped.,Negative,Negative Sentiment
Good case!.,Positive,Positive Sentiment
Doesn't Work.,Negative,Technical Issues
Really good product.,Positive,Positive Sentiment
Unfortunately it did not work.,Negative,Technical Issues
All three broke within two months of use.,Negative,Negative Sentiment
dont buy it.,Negative,Purchase or Value Concerns
"My father has the V265, and the battery is dying.",Negative,Technical Issues
"However, the ear pads come off easily and after only one week I lost one.",Negative,Negative Sentiment
"The calls drop, the phone comes on and off at will, the screen goes black and the worst of all it stops ringing intermittently.",Negative,Negative Sentiment
"Horrible, horrible protector.",Negative,Negative Sentiment
I don't like this Nokia either.,Negative,Negative Sentiment
"Reaching for the bottom row is uncomfortable, and the send and end keys are not where I expect them to be.3.",Negative,Negative Sentiment
I have bought this Nokia cell phone a few weeks ago and it was a nightmare.,Negative,Negative Sentiment
It would take too long to describe how bad my customer service experience has been with Amazon.,Negative,Negative Sentiment
the only VERY DISAPPOINTING thing was there was NO SPEAKERPHONE!!!!,Negative,Negative Sentiment
Terrible.. My car will not accept this cassette.,Negative,Negative Sentiment
"Product is useless, since it does not have enough charging current to charge the 2 cellphones I was planning to use it with.",Negative,Technical Issues
It's not what it says it is.,Negative,Negative Sentiment
Stay Away From the Q!.,Negative,Negative Sentiment
Used and dirty.,Negative,Negative Sentiment
Very unreliable service from T-mobile !,Negative,Negative Sentiment
Not good enough for the price.,Negative,Purchase or Value Concerns
I bought two of them and neither will charge.,Negative,Technical Issues
It looks very nice.,Positive,Positive Sentiment
"This is an excellent tool, especially when paired with your phone's auto-answer.",Positive,Positive Sentiment
I have read other's reviews here but I haven't had any problem with it.,Positive,Positive Sentiment
These products cover up the important light sensor above the ear outlet.,Negative,Negative Sentiment
Comfortable in my hand.,Positive,Positive Sentiment
Just does not work.,Negative,Technical Issues
Poor Reliability.,Negative,Negative Sentiment
(It works!),Positive,Positive Sentiment
"If I take a picture, the battery drops a bar, and starts beeping, letting me know its dieing.",Negative,Technical Issues
"Terrible product, and waste of money!",Negative,Purchase or Value Concerns
Last time buying from you.,Negative,Purchase or Value Concerns
It was a waste of my money.,Negative,Purchase or Value Concerns
So far it has worked like a charm.,Positive,Positive Sentiment
"I have only had it for a few weeks, but so far, so good.",Positive,Positive Sentiment
"But, in any case, the best part is, you can download these pictures to your laptop using IR, or even send pictures from your laptop to the phone.",Positive,Positive Sentiment
Would recommend this item.,Positive,Positive Sentiment
It's been my choice headset for years.Great sound; good volume; good noise cancellation.,Positive,Positive Sentiment
"Nice case, feels good in your hands.",Positive,Positive Sentiment
The item received was Counterfeit.,Negative,Negative Sentiment
"Just really good.. So far, probably the best BT headset I have ever had.",Positive,Positive Sentiment
Works fine.,Positive,Positive Sentiment
I received my headset in good time and was happy with it.,Positive,Positive Sentiment
I was very pleased to see that I could replace my well travled swivel holster for my Blackberry flip.,Positive,Positive Sentiment
My sister has one also and she loves it.,Positive,Positive Sentiment
Good Quality.,Positive,Positive Sentiment
This is by far the worst purchase I've made on Amazon.,Negative,Purchase or Value Concerns
Excellent dual-purpose headset.,Positive,Positive Sentiment
Excellent!.,Positive,Positive Sentiment
Does not work for listening to music with the cingular 8125.,Negative,Technical Issues
"It seems completely secure, both holding on to my belt, and keeping the iPhone inside.",Positive,Positive Sentiment
"The bottowm line...another worthless, cheap gimmick from Sprint.",Negative,Negative Sentiment
Having trouble with volume.,Negative,Technical Issues
The only good thing was that it fits comfortably on small ears.,Positive,Positive Sentiment
WARNING - DO NOT BUY!!.,Negative,Purchase or Value Concerns
"I am pairing this with my iphone, and I could not be happier with it so far.",Positive,Positive Sentiment
"When it opens, the battery connection is broken and the device is turned off.",Negative,Technical Issues
"I didn't want the clip going over the top of my ear, causing discomfort.",Negative,Negative Sentiment
Best headset ever!!!.,Positive,Positive Sentiment
Don't trust their website and don't expect any helpful support.,Negative,Negative Sentiment
It was that loud.Glad to say that the Plantronics 510 maintains a flawless connection to my cell and with no static during normal use.,Positive,Positive Sentiment
The speaker is of low quality so as making the ring tones sound very cheap.,Negative,Technical Issues
"Fits comfortably, came with three sizes of earbud tips.",Positive,Positive Sentiment
Excellent product for the price.,Positive,Positive Sentiment
Bad Reception.,Negative,Negative Sentiment
This product is very High quality Chinese CRAP!!!!!!,Negative,Negative Sentiment
It was quite comfortable in the ear.,Positive,Positive Sentiment
Great phone.,Positive,Positive Sentiment
Don't buy this product - It fails!.,Negative,Technical Issues
Everything about this product is wrong.First,Negative,Negative Sentiment
The pairing of the two devices was so easy it barely took a couple minutes before I started making calls with the voice dialing feature.,Positive,Positive Sentiment
"This was utterly confusing at first, which caused me to lose a couple of very, very important contacts.",Negative,Negative Sentiment
Terrible phone holder.,Negative,Negative Sentiment
The cutouts and buttons are placed perfectly.,Positive,Positive Sentiment
I love being able to use one headset for both by land-line and cell.,Positive,Positive Sentiment
Problem is that the ear loops are made of weak material and break easily.,Negative,Technical Issues
Not nearly as good looking as the AMAZON picture makes it look.,Negative,Negative Sentiment
"But despite these few flaws, this case is of exceptional quality and well worth the additional costs of owning an official OEM product.",Positive,Positive Sentiment
How stupid is that?,Negative,Negative Sentiment
"I can hear while I'm driving in the car, and usually don't even have to put it on it's loudest setting.",Positive,Positive Sentiment
Seller shipped quickly and much cheaper than the competitors.,Positive,Positive Sentiment
"Good show, Samsung.",Positive,Positive Sentiment
So I bought about 10 of these and saved alot of money.,Positive,Positive Sentiment
It always cuts out and makes a beep beep beep sound then says signal failed.,Negative,Technical Issues
Couldn't figure it out,Negative,Negative Sentiment
"My phone sounded OK ( not great - OK), but my wife's phone was almost totally unintelligible, she couldn't understand a word being said on it.",Negative,Technical Issues
So I had to take the battery out of the phone put it all back together and then restart it.,Negative,Technical Issues
"While I managed to bend the leaf spring back in place, the metal now has enough stress that it will break on the next drop.",Negative,Negative Sentiment
Leopard Print is wonderfully wild!.,Positive,Positive Sentiment
Works for me.,Positive,Positive Sentiment
"Saggy, floppy piece of junk.",Negative,Negative Sentiment
much better than the hard plastic cases.,Positive,Positive Sentiment
It also had a new problem.,Negative,Technical Issues
Happy so far!.,Positive,Positive Sentiment
cool phone.,Positive,Positive Sentiment
Works good.,Positive,Positive Sentiment
Motorola finally got the voice quality of a bluetooth headset right.,Positive,Positive Sentiment
It looses connection to the phone even when it is within a couple feet between the two.,Negative,Negative Sentiment
"but it is great, i would really recommend it",Positive,Positive Sentiment
Makes it easier to keep up with my bluetooth when I'm not wearing it.,Negative,Negative Sentiment
As I said above....PRETTY USELESS!,Negative,Negative Sentiment
Never got it!!!!!,Negative,Negative Sentiment
This pair of headphones is the worst that I have ever had sound-wise.,Negative,Technical Issues
[...] down the drain because of a weak snap!,Negative,Negative Sentiment
Does not charge the Cingular (ATT) 8525 phone.,Negative,Technical Issues
"You get extra minutes so that you can carry out the call and not get cut off.""",Positive,Positive Sentiment
"However, after about a year, the fliptop started to get loose and wobbly and eventually my screen went black and I couldn't receive and place calls.",Negative,Negative Sentiment
I kept catching the cable on the seat and I had to pull the phone out to turn it on an off.,Negative,Negative Sentiment
The headset fulfills my requirements so I am happy with my purchase.,Positive,Positive Sentiment
Logitech Bluetooth Headset is a 10!.,Positive,Positive Sentiment
"I like the fact that it rests lightly against your ear, rather than inside.",Positive,Positive Sentiment
A lot of websites have been rating this a very good phone and so do I.,Positive,Positive Sentiment
I have tried these cables with my computer and my iPod and it works just fine.,Positive,Positive Sentiment
"The mic there is a joke, and the volume is quite low.",Negative,Technical Issues
I'm returning them.,Negative,Purchase or Value Concerns
I does not maintain a connection with the computer while it is on my lap.,Negative,Negative Sentiment
It is easy to turn on and off when you are in the car and the volume controls are quite accessable.,Positive,Positive Sentiment
I have had mine for about a year and this Christmas I bought some for the rest of the family.,Positive,Positive Sentiment
"Otherwise, easy to install and use, clear sound.",Positive,Positive Sentiment
nice leather.,Positive,Positive Sentiment
I had to purchase a different case.,Negative,Purchase or Value Concerns
It is a joy to use.,Positive,Positive Sentiment
Very much disappointed with this company.,Negative,Negative Sentiment
Very satisifed with that.,Positive,Positive Sentiment
It didn't charge for me.,Negative,Technical Issues
This is the phone to get for 2005.... I just bought my S710a and all I can say is WOW!,Positive,Positive Sentiment
Buttons are too small.,Negative,Negative Sentiment
Just reading on the specs alone makes you say WOW.,Positive,Positive Sentiment
Love it.. Great armband.,Positive,Positive Sentiment
I really like this product over the Motorola because it is allot clearer on the ear piece and the mic.,Positive,Positive Sentiment
"However, the keypads are so tinny that I sometimes reach the wrong buttons.",Negative,Negative Sentiment
I exchanged the sony ericson z500a for this and I'm pretty happy with that decision.,Positive,Positive Sentiment
I was very impressed with the price of the cases.,Positive,Positive Sentiment
Also makes it easier to hold on to.,Positive,Positive Sentiment
"I use this product in a motor control center where there is a lot of high voltage humming from the equipment, and it works great!",Positive,Positive Sentiment
It's pretty easy.,Positive,Positive Sentiment
I cannot make calls at certain places.,Negative,Negative Sentiment
"however, my girl was complain that some time the phone doesn't wake up like normal phone does.",Negative,Technical Issues
Beautiful styling though.,Positive,Positive Sentiment
This company charge me a restocking fee and still not given me my refund back.,Negative,Technical Issues
I'm trying to return it for a refund.,Negative,Purchase or Value Concerns
I plugged it in only to find out not a darn thing worked.,Negative,Technical Issues
Excellent product.,Positive,Positive Sentiment
Earbud piece breaks easily.,Negative,Negative Sentiment
Lousy product.,Negative,Negative Sentiment
This phone tries very hard to do everything but fails at it's very ability to be a phone.,Negative,Technical Issues
It is the best charger I have seen on the market yet.,Positive,Positive Sentiment
SWEETEST PHONE!!!,Positive,Positive Sentiment
":-)Oh, the charger seems to work fine.",Positive,Positive Sentiment
It fits so securely that the ear hook does not even need to be used and the sound is better directed through your ear canal.,Positive,Positive Sentiment
Not enough volume.,Negative,Technical Issues
Echo Problem....Very unsatisfactory,Negative,Technical Issues
you could only take 2 videos at a time and the quality was very poor.,Negative,Negative Sentiment
don't waste your money.,Negative,Purchase or Value Concerns
I am going to have to be the first to negatively review this product.,Negative,Negative Sentiment
Adapter does not provide enough charging current.,Negative,Negative Sentiment
"There was so much hype over this phone that I assumed it was the best, my mistake.",Negative,Negative Sentiment
You also cannot take pictures with it in the case because the lense is covered.,Negative,Negative Sentiment
Phone falls out easily.,Negative,Negative Sentiment
"It didn't work, people can not hear me when I talk.",Negative,Negative Sentiment
The text messaging feature is really tricky to use.,Negative,Negative Sentiment
I'm really disappointed all I have now is a charger that doesn't work.,Negative,Technical Issues
Painful on the ear.,Negative,Negative Sentiment
Lasted one day and then blew up.,Negative,Negative Sentiment
disappointed.,Negative,Negative Sentiment
Kind of flops around.,Negative,Negative Sentiment
The screen does get smudged easily because it touches your ear and face.,Negative,Negative Sentiment
What a piece of junk.. I lose more calls on this phone.,Negative,Negative Sentiment
Item Does Not Match Picture.,Negative,Negative Sentiment
The only thing that disappoint me is the infra red port (irda).,Negative,Negative Sentiment
"You can not answer calls with the unit, never worked once!",Negative,Negative Sentiment
